"","CD4+ naive T-cells","CD8+ T-cells","Chondrocytes","CMP","DC","Endothelial cells","Epithelial cells","Erythrocytes","HSC","iDC","Keratinocytes","ly Endothelial cells","Macrophages M1","Mast cells","MEP","Mesangial cells","mv Endothelial cells","Myocytes","Neurons","Neutrophils","NKT","pDC","Pericytes","Preadipocytes","pro B-cells","Sebocytes","Skeletal muscle","Tgd cells","Th2 cells","StromaScore","id","Group"
"1",0,0.0154495728106716,0.0188769798750999,0.0357472095230108,0.0562246655794163,0.113760395723013,0.0130643538242629,0.0358225973664314,0.0260127511473773,0.0660583544347357,0.0459663114719862,0.115683273878906,0.0239665734513991,0.0199237464335798,0.0113897965136288,0.0540453313977756,0.0485762866543725,0.0395526201481238,0.049625704968892,0.0305598057244113,0.00685699092703362,0.0340207538953044,0.0109724500402173,0.00147999139735679,4.4017271846472e-18,0.0252601680607287,0.046319804967433,0.0162055140835987,0.0587326829021995,0.0709410209285227,"GSM3754774","subtypeA"
"2",0.00967340666123788,0.0368957628608813,0.0126684057321041,0.0252189007944129,0.158577699491468,0.0857308672074078,0.00196355773335447,0.00598496335067233,0,0.156527036219566,0.0734565471304665,0.0811884164061881,0.0639846735807362,0.0125531176192517,0,0.0491557861549516,0.0359928876134934,0.0241152710638244,0.0528567405698124,0.107360917047438,5.02099187583491e-18,0.0786504108947908,0.017320859591687,0.02524635432579,0.0103650008848552,0.0950919245414404,0.014305260357611,0.049960083046028,0.136360111192595,0.0442133745690774,"GSM3754776","subtypeB"
"3",1.95962702492035e-18,0,0,0,0.0854135347606028,0.0465604851486664,0.0285060996782691,0.0871670057083478,2.23763074823021e-18,0.0895701971685352,0.100506222809833,0.0415497741996851,0.0634170846450731,0.00508423698192839,0.0110197331924568,0.0837387936535583,0.0282442809203094,0.0274229832463882,0.0427867572165907,0.0793394817938006,3.00333654495341e-19,0.0496391468500162,0.014022755686457,0.0102598815749922,0.00753262722433723,0.0947339797243521,0.0169562534505944,0.0221586765132995,0.128579973169538,0.0403595603438117,"GSM3754778","subtypeB"
"4",0.0245311056280261,0.0481396818298477,0.00806296704295834,0.0151936180512068,0.142202256867458,0.0977414888127089,0,0,0.00298748280964606,0.106837668699117,0.041959456360162,0.0972335076050366,0.0554290401365417,0.016845440677104,0.0035449788403986,0.0622691696678401,0.0439994847879808,0.0204821693220961,0.0441406940641356,0.0378175860190385,1.77550383453398e-19,0.0866338450279303,0.00218061514739974,0.0061582302635674,0.0251444837797573,0.0397769955944635,0.0152143742620567,0.0317339342604243,0.113871272820826,0.0508912645599474,"GSM3754780","subtypeA"
"5",0,0.032921041955426,2.90251537629549e-18,0.00256310856403876,0.00595940441719375,0.0498509902180856,0.0455391673982601,0.0882873063091377,1.01780019276421e-18,0.00492109769399942,0.0877277393115892,0.0469966505865768,0.0119399066027044,0.0195998478207837,0,0.0578782156027251,0.0250196148646172,0.00970009310263347,0.0271505033777041,0.0319575158337791,0,0.0622212334401984,0.00772943353730392,8.94671801478799e-20,7.39696693948529e-20,0.0572488388164128,0.023221971039394,0.0352495181580018,0.0625538830862141,0.0273908903967281,"GSM3754782","subtypeB"
"6",0.00357596876245312,0.0428967689715722,0.0243590777525003,0.00249271821965015,0.0049685455920357,0.0711004681312905,0.01695336962089,0.028938343391613,0.0101526387649952,0.0143812032989447,0.0130015401703842,0.0770524090410908,0.0167155931766124,0.0171223717866265,0.0203018723692322,0,0.0318690349355182,0.0696292795804477,0.0609248475700148,1.42952464274671e-18,0.0263425016661705,0.00983856812276671,0.00474456127078277,0,0.0126003147920767,0.0224589118477101,0.0890494105472898,0.00568698574814364,0.0451301398126542,0.0477192666705863,"GSM3754784","subtypeA"
"7",0.0130016197755833,0.0361612766694354,0.0254413044723189,0.017271748296706,0.0578806174944763,0.109616214796085,1.02053997265778e-18,0.0300843556090271,0.0250778961831747,0.0280671205540064,0,0.109800963583877,0.0365506255905207,0.0275634886172362,0.0140089439216801,0.0245446157878308,0.0471144543338318,0.0820287549332962,0.0825172568963001,0.0124815210599545,0.0292218337353586,0.0311547603927629,0.00741883622940425,0,0.00843248313481415,0,0.0840207157010553,0.00333072427577138,0.0558387509782445,0.0744534104479625,"GSM3754786","subtypeA"
"8",1.29678325817041e-18,0.018321931785794,0.00996845834043046,4.84634760910096e-18,0,0.0392418805103255,0.0655505593303511,0.0264568540447181,1.46934087864304e-18,7.04178327038889e-19,0.0728125163213088,0.0463056290113063,0.00765117438972055,0.00214315287304364,7.05393447375644e-18,0.0351187440841019,0.0117576560536185,0.0208550734650825,0.0271542254511631,0.0325912535116511,0.0261816417261602,0.0120379572608692,0.00520782875848307,0.00831298035559276,0,0.0549438590556328,0.0354831047980767,0.0233269528409346,0.0202651574361974,0.0196209402551627,"GSM3754788","subtypeB"
"9",0.0140430810054771,0.0429435670352436,4.12394738388616e-19,0,0.11463233133033,0.0455117333077564,0.0275173357906419,0.0254474515033048,0,0.0651888077708449,0.0471460221693597,0.0681625697497097,0.0445897310338322,0.0112970323668967,0.0239113684710634,0.0375778084829999,0.0226269900155748,0.0367495952371029,0.0467294304280045,0.00739607279687989,0.00259079602834516,0.0499497262772253,0.00133717072967763,0.00243418995390759,0.00987517786139338,0.0496426035424228,0.0472634072765003,0.0367642230185276,0.0902705119513767,0.0291349607485758,"GSM3754790","subtypeA"
"10",0.000570964775228064,0.0276388598028896,0.034607022564289,0.00921505503125806,0.0231025420030143,0.104720704301329,0.0147892439147427,0.0235440959446546,0.0114923601142551,0.0550960032081161,0.0224459322937576,0.101584350692116,0.0124673690117226,0.0155597114317725,0.0281363020397428,0.0121789879071808,0.0536809894708978,0.080600349355776,0.0735087909065225,0.0205108957904756,0.0417915870029395,0.00675787487977585,0.0171860676509731,0,0.011055502250913,0.0305906632147502,0.102130403169037,0.00297745109526784,0.0576333769242201,0.0706984473911276,"GSM3754792","subtypeA"
"11",0,0.0181285043497643,0.004193458932125,0.00255053013870697,0.0728354736114325,0.0827957470279561,0.0415868640343116,0.0353661651513979,0,0.0639860984621597,0.0644733594070169,0.0862832161852174,0.0537168823082139,0.0198342137485726,0.0325226640468061,0.0292617102022216,0.0360234836479506,0.0276856562434705,0.0242658692023631,0.0648704727241461,1.52380217434743e-17,0.0645151180870577,0.00252227920126487,0.0204762947081019,0.0251213535329235,0.0595351681478144,0.0413950825585852,0.0471880254724878,0.131668583810809,0.0480545526674907,"GSM3754794","subtypeA"
"12",0.0149435931141008,0.0320859956613248,0.0333209179886173,0.0220078848354074,0.0181639294358353,0.100365374743326,0,0.00788002062456999,0.0227608197441125,0.0387602974718304,0.00975786627999942,0.117233836053263,0.0146824309571847,0.0337379424837295,0.0318917312653012,0.0127814256220898,0.050887523761308,0.0669599759874622,0.0894373471845197,0.0123637702205749,0.0296052965168547,0,0.0174044533957335,0.00665048086855418,3.94764976411834e-19,0.00622257520488569,0.0699363759955597,0.00155527280911593,0.0290399885240884,0.0869056441759678,"GSM3754796","subtypeA"
"13",0.010516707222669,0.0389915619505396,0.026516451253009,0.0219691133802558,0,0.0984314731737964,4.28680564357555e-18,0.015041132841316,0.0275228202484872,0.0143564386897958,0,0.100088347506066,0.0170658897652497,0.0258777784734943,0.0186277821925954,8.36673577762016e-22,0.0471429327338697,0.0780287156257029,0.0858737074859403,0.0708090403794595,0.0103469257544406,0,0.0108211702117961,0,0,0.00252821125788359,0.102808272802598,0,0.0259704188917943,0.08358758062634,"GSM3754798","subtypeA"
"14",0.00239614881542697,0.0281363317295622,0.00424454388821736,0.020596709354703,0.0746770893527975,0.0681319826524068,0.00583546610483473,0.0225759420334734,0.0050234323687312,0.0419012237981476,0.00294519790817219,0.0793747961184399,0.0384011739718449,0.0220147748048881,0.00262019766113067,0.0234938736329852,0.0405052590872431,0.0441009306384156,0.0405365823398105,0.0338353449548894,0.000633420467860142,0.0419974138059316,0,0.0112316902047097,0.0101222266312169,0.00270133246569087,0.0545691032066812,0.0233343167706496,0.0507728240482631,0.05874796029741,"GSM3754800","subtypeA"
"15",0.0155703846048559,0.00823914835782535,0.00160598852586503,0.0251947739264892,0.0928162069487859,0.107426535370797,0.0159545078652553,0.047034384806063,0.00102426358757704,0.0747758957516554,0.0391262419335612,0.115168565238711,0.0577071718336992,0.0209254963839858,0,0.0406352894292094,0.0501218909714565,0.0299747995214242,0.0239692938225671,0.0649702381096857,3.59379026901515e-18,0.0444192881931354,0.0118579154363912,0.000301299991661976,0.0150387985285781,0.0521963073007124,0.0353516169578089,0.0335984334657324,0.0491294933068989,0.0627930051403576,"GSM3754802","subtypeA"
"16",5.53670018495647e-19,0.0149715365795592,0,0,0.018068354813991,0,0.0735330286718749,0.0516238403661504,0,0.0339226091713602,0.086342032681489,0.0123687187700029,0,1.3140240063295e-18,0,0.0141453370051185,0.00964411180485943,0.0170849349193945,0.0502037950349854,0.0560789247199276,0.0133558248569352,0,0.00166721796271376,5.74812450149845e-19,0.0209273739265274,0.0561511821641941,0.0334010243654528,0.0497705160415893,0.0663373029692299,0.0147590809391152,"GSM3754804","subtypeB"
"17",0,0.00729535637923859,0.0217467182100671,0.0115886626124324,0.00783927883860073,0.102948289924483,0.00486637248187529,0.0499343336066703,0.0213094637917119,0.0442227030883993,0.0407952389540587,0.10257052165285,0.00745016434214462,0.0201785871099093,0.0206665069355246,0.0149544511704966,0.0514708541356438,0.069849943323901,0.0635768855091878,0.0230940314251584,0.0267966585784842,1.52876954771083e-18,0.019965179622939,0.00439310174843618,0.0179816601005693,0.0147789207320196,0.0710304381109477,0.00388310892435059,0.0208259633104272,0.0813875287450261,"GSM3754806","subtypeA"
"18",5.30338680007881e-20,0.0338440153503129,0.0119227655470102,0,0.0781437012578088,0.0589025260940581,0.0499938377126767,0.0459808667726014,0,0.0820094172811677,0.0554980123831707,0.0649817634816062,0.0137824010392682,0.00223536799489743,0,0.0173058980977038,0.0335021360257249,0.0419072388065848,0.0258330617993183,0.0572086252704035,0.0292990316410426,0.058229580528022,0,0,0.00193064027030081,0.0545079217851717,0.0445979701490107,0.0448798985765192,0.0757142761996899,0.033032994189213,"GSM3754808","subtypeA"
"19",0.0130328720971681,0.0425623466294623,0.00576004952402487,0.0114110233583236,0.151943857509806,0.0655208578993967,5.62548958324404e-19,0.0181810867542097,0.00874632151167818,0.140086073723691,0.0279735388746,0.0622962726155394,0.05944599258845,0.0187974096249714,0.0220983835198661,0.0260500905133394,0.0242382886884263,0.055801003788853,0.0422016466566382,0.0498871728596328,0,0.0648445122913134,0,0.00468217662999679,1.81766969616822e-18,0.0683812747929342,0.0717632159944396,0.0193394700940951,0.116768246299572,0.0538231047112682,"GSM3754810","subtypeA"
"20",3.89773850690567e-18,0,0,0.0126880260997012,0.0844420909340347,0.0866335069257517,0.0269065539824656,0.0608196911713585,2.71538325871223e-19,0.0916332209002404,0.103224595050486,0.0769904313305536,0.0431011385441001,0,0,0.0649677028868774,0.0412707329932545,0.0376736630152891,0.0472993574409675,0.0720279575908948,0,0.0628821934196274,0.015545271617718,0.0103255165842918,0.0145027076378027,0.110491191686787,0.0309925437539625,0.0188392511132779,0.118745162818601,0.0647939589258058,"GSM3754812","subtypeB"
"21",0,0.0615310673288456,0.0185424888278335,0.0161230845799564,0.0678039901654147,0.093819064646138,2.07739798935882e-18,0.0363280632905081,0.0202277526699746,0.0820863000509838,0,0.115524407937548,0.0198147679576027,0.0276163652751727,0.0112331659747921,0.030503812479567,0.0423006420638646,0.0590551084781592,0.057962266514369,0.00784836629821475,0.0336321294697713,0.0376440988268763,0.00328774737472915,3.13811594554504e-21,0,0.00486854010928366,0.0741268165456371,0.00901855103542905,0.0585942567000054,0.0732852091301741,"GSM3754814","subtypeA"
"22",0.0203321208308616,0.0539585936044188,0.0137216409707053,0.00534982175883853,0.138571403432107,0.0540000474864151,0.0202053293113303,0.0308371771238705,0,0.119795492361063,0.0511284296098548,0.0545962451222416,0.0518307171203479,0.0229615707984131,0.0186308020848611,0.0196392309897159,0.0263471464322213,0.0244027019989487,0.0249483290913429,0.0673266078690333,0,0.0745706233412033,0.0155898623776055,0.00562449583790402,0.00648555129257553,0.0568918680064206,0.0376626472954816,0.0420133690259229,0.118216789774766,0.0420128535227639,"GSM3754816","subtypeA"
"23",0.0267369769786217,0.0515618763469852,0.0226147032765893,0.0216833969194188,0.11195236780922,0.125435921188267,0,0.0030337755918014,0.00465465037221602,0.10113980596439,0.0215041232992554,0.136738340393263,0.0460950439303936,0.0233860576690643,2.86670009782761e-19,0.0434308571801356,0.0550120658019444,0.0488974378821352,0.0379807096895944,0.080472207540734,4.22826987798153e-21,0.0749511019280989,0,0.0196353557970592,0.0177982982909479,0.032416118396209,0.0488355919320072,0.0342449317942495,0.0970501570912403,0.0627179605941334,"GSM3754818","subtypeA"
"24",0.00532977437011308,0.0416998515155187,0.0352345975293407,0.0381314433983732,0.0244750566774671,0.122686215146442,3.05415870221721e-18,0.0025572386300504,0.0247653826616333,0.0233536963186037,0.0127746143050579,0.129201280701555,0.0471155556484085,0.0362167539743406,0.0297425774194364,0.0210778695127515,0.059777750523986,0.0662303634091715,0.0676734319926863,0.0383958936509657,0.0235474276722541,0.018858296784652,0.0192925312041479,0.00989544353303377,0.00448669787868717,0.00535636583136236,0.0802062662708185,0,0.0204197288228136,0.086547823166615,"GSM3754820","subtypeA"
"25",0.0137759814079493,0.027988017663479,0.0410970505483464,0.0266240685972948,0.0565768201812192,0.111637732222574,0.00674645508730111,1.25359002026967e-19,0.0144784035769429,0.0528922007820204,0.0169896610338412,0.11432284197909,0.0408959814293682,0.0305256904628496,0.0212632847948646,0.024859066670885,0.0563432080028147,0.0570389455945308,0.0599054933597542,0.0140316215424359,0.0150451118607419,0.011287581845428,0.0230528101237288,4.67102633590281e-19,0,0.0157863574221486,0.0666446942864202,0.00305661706300227,0.0284612893562194,0.0837587175859036,"GSM3754822","subtypeA"
"26",0.00509155463007351,0.0426411193741882,0.00364823728770758,0.00974929380972725,0.0613113823969454,0.0571661137940044,0.0384931440357065,0.0187345849042803,0,0.0576847106056052,0.042828917929839,0.0646432406313434,0.0401939057630382,0.0160888789609765,0,0.0202240534388931,0.030983534510949,0.0113527579488014,0.0368476787004451,0.052479242276876,0.00386952673798125,0.0443106905531689,0.00913389022393371,0.00604434437183042,0.00058384702666405,0.0428312601776079,0.0299953625329786,0.0329389281154641,0.0268326607785652,0.0374385593142051,"GSM3754824","subtypeA"
"27",1.17313058439073e-18,0.0350194919213186,0.0140950645871911,0.0256806945024568,0.0759476805376405,0.057096229849983,0.0346380957824383,0.0419805832406185,5.47466624200949e-19,0.0570576438459199,0.0660000034001749,0.069140831507893,0.0332988695048448,0.0252311600393979,0.00752341481477954,0.0292438866969358,0.0246742469088486,0.0460323784659787,0.0288405115657956,0.0404670245491661,0.00937190782538531,0.0567819572483092,0.00487742182019626,0.00690308765058519,0.00673654594440203,0.0443762504016375,0.0394006675002326,0.0319110688777464,0.0811317330955735,0.0306105981448692,"GSM3754826","subtypeA"
"28",8.75175597153438e-19,0.019102692444293,0.0216550131729454,0.0251341103287189,0.0473211133809847,0.0862631621143731,0.0409651243352155,0.0340185544335948,9.17955143976571e-20,0.0758715193678017,0.0567544295861066,0.0859496791432594,0.0394215355036303,0.0124062108094361,0.00485964764205069,0.0277999089397488,0.0400692717398877,0.032548836531673,0.0466797749318136,0.042399216799833,0.0100651859167499,0.0311176525758401,0.0152692749925095,0.0173077096403788,0.00724473558678918,0.0259611794749001,0.0187365828688223,0.02773480176638,0.075445080164213,0.0545485132041665,"GSM3754828","subtypeB"
"29",0,0.0166224181477999,0.00269383825381569,0,0,0.0273769822047675,0.0549244580240762,0.0648891734414489,5.37687832493679e-19,0.0269718095783856,0.0603579792236984,0.0355485886247821,2.01276377879049e-18,0.00638513434405347,2.496416482602e-19,0,0.0144020283069088,0.0329166969981564,0.0326146440589197,0.0783507981978718,1.96239936968172e-19,0,0.000350874770423903,0,0,0.0338469619598764,0.0411753571179527,0.0184844775585538,0.0422165993347957,0.022558097979268,"GSM3754830","subtypeA"
"30",0,0.0219855776271461,0.021870724170192,0.0148961430519297,0.0592756127976332,0.060845047215616,0.0287597434088107,0.0551985362682127,0,0.0301521780030079,0.0787641794718221,0.0646959446533097,0.0235836451702865,0.00957682206924884,0,0.0420102890810195,0.0276125238791517,0.0293371133909888,0.0376876962273222,0.0419279023013892,0.00953413065379773,0.0653664935728199,0.00825442283682292,0,0.00434248567211135,0.059732316999715,0.00483058037255765,0.0159486046289753,0.0831092267176727,0.0498941745154426,"GSM3754832","subtypeB"
"31",6.83984789422282e-21,0.0207778597512095,0.0202691201900918,0.00989715965289072,0.105082030984704,0.0735861601972415,0.0364003504730957,0.0393484738992037,4.60059892695299e-19,0.0969465774567207,0.0961846615202085,0.0757280449870814,0.0364666775045804,0.0102442441942185,0.00511076779018742,0.0381097819710532,0.0332906685774477,0.020622709814991,0.0418713366785817,0.0747088963875447,2.6550129592965e-19,0.0547841311408192,0.0261633914505945,0.016061054547261,0.0311089480393382,0.0976769953414911,0.011984180554084,0.0483584940882645,0.124915248818893,0.0545845678952382,"GSM3754834","subtypeB"
"32",0.00874310704364872,0.0230293694684609,0.0489680814526465,0.0236431706628784,0.0228853104789297,0.0892161854986066,0.0181371980324385,0.0311632048320549,0.00759644110013097,0.0301560583307575,0.011504017746583,0.099389771083833,0.0130944531154295,0.027297810548154,0.0119222262332742,0.00493557566214039,0.0416920388826735,0.0578735181447525,0.0508750964616896,0.0373726077310372,0.0179351197217917,0.00882665966454312,0,4.70081189611475e-19,0.000534577597944673,0.0149647804674226,0.0688084406589763,0.0114293633479851,0.0459895269247191,0.049281248042729,"GSM3754836","subtypeA"
"33",0.00876210651217522,0.0535126016738108,0,0.00336965788980954,0.129563630545974,0.0215420291572301,0.0225299506771861,0.0416235450039814,0,0.0671914773127929,0.080144932035718,0.0359002956672022,0.0472997405406874,0.0120259537315713,2.48174930275754e-18,0.0524466258019831,0.00646981620848879,0,0.0160968707318035,0.0589224787824315,3.92410440316241e-18,0.100601565286724,0.0165886454297951,0.00553387508680234,0.0240944830391962,0.0641946667072009,0.000292808251930089,0.0470101343614185,0.130296425851968,0.0107710145786151,"GSM3754838","subtypeB"
"34",0.00331705426893531,0.0630543984655807,0.00362154991404174,0.0205351076893011,0.165889940505333,0.0349938755646927,0.00142470241003614,0.05848092987142,0.0101718981684029,0.13846528668322,0.0591208830978455,0.0733971564556378,0.0422573374928127,0.0253552442441088,0.0174192252563343,0.0283437339076726,0.0177766063842424,0.0523884500200378,0.0576186990434048,0.0959993197526561,0.00336971143941096,0.13044308164147,0.00406988846114592,0,0.0340236303066036,0.0737790613602594,0.0599753025822631,0.0545712153168131,0.12630809107017,0.0207449528223664,"GSM3754840","subtypeB"
"35",0.0119951990869885,0.0493766024786923,0.0368561127374748,0.0183259788249511,0.0430583729155751,0.0730745280081477,0,0.0201745979784054,0.0157522336734192,0.0544638712080895,0,0.0749278219389917,0.0265802851462455,0.0279906973625835,0.0368554040929514,0.0201313381018754,0.0371684866838672,0.0794053103015288,0.0722895001059885,0.00955979956818434,0.0331367918446715,0.00626467789276579,0.00778983958835327,0.00044052231080646,0.0118645657674709,9.8135196217121e-20,0.0935409609606507,0.00540082293411018,0.0689874245236363,0.0521133103304749,"GSM3754842","subtypeA"
"36",1.44704028642003e-19,0.027480668862515,0.0156751907980397,0,0.0963048807149919,0.0422190759356557,0.0456662719745407,0.0798443791531044,0,0.106462728256627,0.0826397641559049,0.0465255686075003,0.0214136967516743,0.0116405221593929,1.52740724554339e-19,0.0490834098771582,0.0160957164608962,0.0241360582049205,0.0497468787907385,0.0370205716417633,0.00163923735172268,0.0432642435762186,0.0215207866655316,0.0132374664009827,0.0267050825727674,0.0697083315258576,0.0194725262688188,0.0354740065486455,0.118973886323278,0.0292692136040778,"GSM3754844","subtypeB"
"37",1.06190693531278e-19,0.0211971160414191,0.00488914786813654,3.57787616585611e-19,0.128522382325171,0.07943496597062,0.0296788147830789,0.0494923022852268,0,0.112076609243066,0.102313197161036,0.0809939956533668,0.0570428031504992,0.00997266942759236,2.58135540059435e-20,0.0470697069129832,0.0348979445663572,0.0039052689659357,0,0.173792756595615,0,0.0655371239661262,0.0207933195048884,0.0152099994801615,0.01318031895423,0.0965712883722136,0.00869347003501027,0.0580930358529399,0.126997960079962,0.045668686743597,"GSM3754846","subtypeB"
"38",5.10715802663105e-18,0.00278393570781818,0.0108450177947021,2.28674003178561e-18,0.108292236628354,0,0.042449440750645,0.12195332106704,4.30742144325338e-19,0.0777381183394607,0.101035224610548,2.15534208924397e-18,0.0362365562061896,0.000367664491289846,0.0206665448441749,0.0602223844328826,6.04946802344448e-20,0.0269491301349437,0.0172291608437846,0.0491705050798712,3.87470014200777e-18,0.0211204481008625,0.0119102216559117,0,0.024161460726279,0.0856224028994766,0.0321881250875244,0.0419282341842419,0.150300831885606,0.00524836093380151,"GSM3754848","subtypeB"
"39",0.00369505994330314,0.0395583373850227,0,3.37615193034103e-18,0.0915815438655278,0,0,0.0994217314255133,1.20191430795539e-17,0.0924355908603185,0.0834008468192368,0.0119084803474031,0.0252034625304369,0.0163893668499769,0,0.0740749206155523,0.0110778307778769,0.000182835847345922,0.0325092810042676,0.082521556399553,2.38369944652707e-19,0.111645367749806,0.00504295584641941,0,0.0222219190451134,0.0461685415306067,0.00629618421696902,0.0337421173825385,0.0708655251545085,0.0170386224060597,"GSM3754850","subtypeB"
"40",0.0298893182466125,0.0645291346083028,0.0373758052937051,0.023622335691977,0.103613832081114,0.114749299659658,1.85159459500071e-23,0.00696065418280699,0.0063745498940588,0.0867271103439515,0.0281817467193971,0.119627377344425,0.0256351143891964,0.0271490847958239,1.5252661119938e-18,0.0532389449997605,0.0564332566616962,0.0519234714246106,0.0501746734646719,0.00886366973752077,0.0100889629156835,0.0649210291290073,0.00312217436005428,0.00743484006572891,0.0140493410177266,0,0.026532357814607,0.0216869867110376,0.0837945548686152,0.0573746498298288,"GSM3754852","subtypeA"
"41",0,0.00970781882595737,0,0,0.104038510308458,0.0822037841657565,0.0459672262972413,0.0485209987719817,1.84066894580805e-18,0.0961087765353233,0.0947430763074577,0.0845739099486511,0.0458489341419312,0.00181650363018669,0.0202609099551861,0.0298971352167999,0.0358966505492917,0.0132273545720168,0.0334997462748605,0.142444966258298,6.23392825891929e-18,0.0521383913069679,0.0228861909343618,0.0281729566028099,0.021023642194462,0.0881911606814113,0.00756873593642806,0.0525820658585677,0.116662702725003,0.0420779265754932,"GSM3754854","subtypeB"
"42",0.0237801205119867,0.0555803540294255,0.00379281849868424,0.0178304973486869,0.116504999076901,0.0854694281381338,0.0023214303757917,1.21228845532151e-19,0,0.0759323059796765,0.066175713399959,0.0956062671666446,0.0266935758379507,0.0320634728325984,0.0121300149861203,0.0468956303558012,0.0384892569444928,0.0228119925686821,0.0338439032795507,0,0.0072272775386427,0.0766051874207709,2.12290590229473e-20,1.98010472736774e-19,0.0142086362233601,0.0493085672942848,0.0284057155970331,0.0216748828214445,0.0865477601571577,0.0640613848591227,"GSM3754856","subtypeA"
"43",0,0.0240834325287307,0.0164868925931969,0.00896699792175221,0.0201836231284379,0.10621075082242,0.018048019809837,0.0176195636059378,0.0168176504681759,0.0280867701818847,0.0421463183716672,0.10100566875284,0.0215485991048745,0.0168532547320045,0.0335223985714789,0.0394669898398467,0.0488330932433112,0.041960735835913,0.0555925475438051,0.0244275749342221,0.0152584572489483,0.00322022727012739,0.00292816260038169,0,0.0122080193906553,0.0260046029937156,0.0492570262456019,0.0182434467816288,0.0693962422322309,0.069475299355399,"GSM3754858","subtypeA"
"44",2.16052484912529e-18,9.66013935902659e-18,0.00779628804701206,0.00573454091151537,0.101183152539145,0.142867961341811,0.0265709832398205,0.0835210214184305,0.0147125283303112,0.0874242561251616,0.121734073168239,0.136538330408384,0.0369948071342985,0.012978155762636,0.0080230956297064,0.0803937782960892,0.060796665188195,0.0033287132683122,0.00470631778514223,0.137455206644267,2.20221599641339e-18,0.0244262266380019,0.0196153054541599,0.0255073785187549,0.0326578979630825,0.11816202100644,0.00116623412721682,0.0399746565749196,0.140274660992787,0.0856712690719334,"GSM3754860","subtypeB"
"45",0.00175177764012489,0.0339181840659608,0.0124179557638502,0.0171643921186485,0.0569709681052044,0.0526897212014532,0.0292898031221769,0.00923944347420309,2.15680114799448e-20,0.0358024602207744,0.0541987892224406,0.0663911007501074,0.015026338756408,0.0153945854606751,0.0142655725131274,0.0262098289226817,0.0287016022444797,0.0771838202326963,0.0386875306366755,0.02841641101288,0.0614312038337604,0.0228751613214547,0.0124129145756584,0,0.0217199838650358,0.029534450514553,0.0859282987655373,0.0171869953604711,0.0522763629643617,0.0646291585499028,"GSM3754862","subtypeA"
"46",0.0160894765592355,0.0163991927194564,0.0131445708127164,2.5104317126112e-21,0.0419329877938203,0.0827680204484701,0.00376395126017736,0.000534034437136411,0.0129299158845002,0.0640344078232606,0.0162219544638604,0.0990113187270258,0.0145868596941842,0.0194057764642631,0.0253518941466974,0.017857688878219,0.0482028190810066,0.0695387601977875,0.0535836875031709,0.0015267309193623,0.0471321132528961,0.00922974730698545,0.0239710593065476,0.00234688769979528,0.0111831143086309,0.019417569562191,0.081462797586252,2.5899725512568e-19,0,0.0838360197170906,"GSM3754864","subtypeA"
"47",1.21009053992783e-18,0.0257516483985933,0,7.87581230365825e-19,0.108522208164386,0.0320380649746376,0.0222750050817516,0.0611105316023473,1.40607233179885e-18,0.0787128874781266,0.102914478148934,0.0506124231923904,0.0578150668275485,0.00350774936328687,0.00264688957133983,0.0606768898724744,0.0254118035447885,0.00701413064955701,0.0291962771935536,0.124807148802972,7.74306283299101e-19,0.0856428008616768,0.0273506627166258,0.00649522959188704,0.0122320890436572,0.104303221283941,0.0198741207543248,0.0524312789988546,0.110004251226029,0.0412688117592994,"GSM3754866","subtypeB"
"48",0,0.0426460559142279,0,0.0197091319029537,0.102572742665747,0.0470845100418569,0.0234950218215707,0,0.00297295664375045,0.0717641459907772,0.0283956509914813,0.05782521774295,0.0370131767950702,0.0167813369559981,0.0209102311415181,0.0313925745641497,0.0154159102826586,0.0117941988502444,0.0523245188927931,0.040937491041387,0,0.0532850351402295,0.00518335650704639,1.38898022483804e-19,0.00271913349423193,0.0358037790947578,0.0220571653329533,0.0331490582522955,0.0500971897499209,0.0235422550209285,"GSM1479658","subtypeA"
"49",0.00579384690579621,0.00991644460844261,0,0,0.133790549039453,0.0585101289424712,0.0338012145887995,0.0349705765384514,5.76335847047675e-18,0.102644837488976,0.0857981594500895,0.07376074476657,0.0461526481561854,0.00843234680217048,9.16141251595238e-21,0.0543062716971033,0.0319462850420862,0.0240731501554876,0.0118494029713415,0.13961543080482,5.2960213572419e-18,0.0507953190696636,0.00968714584831562,0.0354369205410288,0.0226817943477744,0.08123975030727,0.0139702465976906,0.0505246478197947,0.0891541388380109,0.0532700025336343,"GSM1479659","subtypeB"
"50",0.012799459371226,0.0219549649249786,0.00500996823307196,0.00389060470320396,0.105383890853734,0.0755741876335663,1.47224849264749e-19,0.078489611050001,3.7356230712091e-18,0.0736219236230661,0.08304668994835,0.0682702354715594,0.0253470692142848,0.00655671319683401,0.018374614734022,0.0911825433115544,0.0320783779025693,0.0174370406580497,0.0248299250461487,0.066283280719053,0,0.0385639693118377,0.00945055207593518,0.00707334498514406,0.0226911594502425,0.0989922922873873,0.0242002501254171,0.042248553936467,0.0812289623568772,0.0474203095284945,"GSM1479660","subtypeB"
"51",0.00325185157163103,0.0241275499746459,0.0172770634810989,0.0186744909099751,0.120699758092239,0.0781172184203677,0.0131925456172111,0.0348122270155362,0,0.0986580464816494,0.0470331183619204,0.0813718311031485,0.043512874312474,0.0160018323057702,0.0146046114461045,0.0343817800494339,0.0334672051375346,0.0207045147677694,0.0335989908119603,0.0823658868655895,5.65485299050175e-19,0.076052224842314,0.0272125956322495,0.0164571719496471,0.0136334343263969,0.0631307750822473,0.0138889574656551,0.0407915929024734,0.106033728686053,0.0458013947133365,"GSM1479661","subtypeB"
"52",0.00736849811115637,0.0471530708414107,0.0156568947858286,0,0.11043610699521,0.110439025164301,2.53047619423496e-18,0.0300981063529505,0.00434514658869712,0.0928657002041835,0.0244660401452758,0.10866306615485,0.0646228476070118,0.00464555795696058,2.85088525164847e-18,0.0490173183154436,0.0452976470739374,0.0327808572403321,0.0269044212299475,0.0606386674795683,1.04653674485833e-19,0.0726701592127962,0.0172133216329227,0.0112085834740666,0.00765673389721963,0.0453432574570346,0.0292463797502164,0.0459724150529423,0.1212863564048,0.0630141412345825,"GSM1479662","subtypeB"
"53",0.0330801970476812,0.0482195125846875,0.00768231936653455,0.0212788964328681,0.13683062564716,0.0643971962030527,1.66200100514522e-18,0.0182403822398051,0.00124472568447273,0.0976693652640614,0.0180072851391279,0.04861616378175,0.0372481796895899,0.0222709060700327,0,0.0469859907160731,0.0295032514860048,0.0155615937179535,0.0336283978705026,0.0330923665644949,0,0.0397891086944861,0.0120679112018176,0.018836938494656,0.0141463155614318,0.0376816141547224,0.00702325424027456,0.0337163500163631,0.0655788130586697,0.0509825607695343,"GSM1479663","subtypeA"
"54",0.0179420774523708,0.0381071353949317,0.0313713564050634,0.00612998041702377,0.145397890555069,0.0959757655159484,4.87937203444508e-19,0.0434409119528762,0.0057577685839051,0.130486009363118,0.037194586357725,0.0986978182358848,0.0335921971637527,0.0185431390390285,0.000704503729837477,0.0457529879743055,0.0355058389123551,0.0291293210785273,0.0385922316825083,0.0856025938882316,3.65518442543611e-18,0.0662512668897905,2.28441499786685e-19,0.00340143146444482,0.00440358538166188,0.0586522563820443,0.0155766270057731,0.0313242002642641,0.0973389053511881,0.0539492763200477,"GSM1479664","subtypeB"
"55",0,0.0621347079913236,0.0119294061778885,0.00727899702378477,0.116296716674893,0.0833077116968051,0.00952001686644865,0.0176118763258522,6.74721277793406e-18,0.0498426530976981,0.0884022187673385,0.0746928472230504,0.0626865901010995,0.0238454260991122,0.0119801310882579,0.0660539342215879,0.0366365729866,0.0329560238959139,0.0125966937664406,0.103018880284097,1.93483921589488e-18,0.0717293719564166,0.0437995591526205,0.0260124743957143,0.00100072671085873,0.0859927442727958,0.0359389318382246,0.0561649551193729,0.121001854917764,0.0417071909155901,"GSM1479665","subtypeB"
"56",0.0263523064772689,0.0641055946321002,0.0143239810683368,0.0164684322333801,0.160802729830625,0.0871566249754225,0,0.0405279237112567,9.83681817734478e-19,0.091445587405051,0.077436423099321,0.0896510219345697,0.0334991610863747,0.0164342553434855,0,0.088332791261781,0.0419437052536563,0,0.0320949127763581,0.0871965474644974,7.03648127160993e-18,0.0690913706999565,0.0191306504512322,0.00496771865587947,0.0211081860372397,0.0629622500649873,0,0.0457405267864021,0.0946134744271231,0.056875710041879,"GSM1479666","subtypeB"
"57",2.17037109269565e-18,5.27393473831619e-22,1.4439501041747e-18,0,0.0631638628297001,0.0495227744075726,0.0259942218715704,0.0730006133511815,3.30449894079868e-19,0.0534348325938567,0.137454878470916,0.0474800081597707,0.0486338660852031,0.0109057181963224,0.010960444200732,0.0969162656108381,0.0302518097317893,0.0165497738321762,0.0331343781989193,0.118895096546926,0,0.0497196634276996,0.0267335084675008,0.00936594497498178,4.28235249112659e-18,0.11292450935544,0.0179644368191569,0.0161919871797522,0.0765100663857069,0.0525609166471062,"GSM1479667","subtypeB"
"58",0,0.0243004075514187,3.24654720666322e-20,0.00240460440957477,0.101208340409886,0.0611779809792161,0.0204441712382027,0.0452239981292572,0.00315981956083234,0.0727834849409321,0.0669844124661353,0.0523481659766155,0.0573029130395807,0.00864421264126461,0.0112034385968242,0.0121141910934988,0.0160511584818982,0.0167177541007561,0.0353388992880095,0.0506340118700983,0.00808855047397099,0.0587134130717,0.00569361860264797,0.0129478694530879,0.0346066471934072,0.0506702790079282,0.024787049454133,0.0541181601408415,0.135282175277916,0.0440780467399894,"GSM1479668","subtypeB"
"59",3.57617793435225e-19,0.0242355053489495,0,0,0.100783354566881,0.0354344780992382,0.0122169985068953,0.063174177065741,2.23004630407452e-18,0.0828654289414682,0.095100213486184,0.0505361121189202,0.0491752841863849,0.00771593199884393,0,0.105078145552982,0.0260434779466692,1.74902525171931e-18,0.0191143621437384,0.0868003180110822,5.39018033459496e-18,0.0810576618519828,0.020348057760382,0,0.0092042773929932,0.0623911877080382,0.00184903486694113,0.03216943749714,0.0587085506522656,0.0376845373770321,"GSM1479669","subtypeB"
"60",0.00115309115141981,0.0519949921886862,0.0204483782159384,0,0.0722407431594462,0.094319878942369,0.0337885783608071,0.00137995609440153,2.75275738680065e-20,0.0555504293084677,0.0615975778318155,0.0832264478662435,0.0241902419689598,0.0089723742271885,0.0102913397888748,0.0313935102977137,0.0427521648760145,0.0347516779258958,0.0823952552829218,0.00686665531571317,0.0147250958917705,0.0454650613647139,0.0123940351957897,0.0130993580781263,0.00921283538148517,0.0379395977336691,0.0257443501760001,0.0247018742191706,0.0479001552024624,0.0691204095573787,"GSM1479674","subtypeA"
"61",3.4132470351354e-18,0.0226345785102372,1.00221314265551e-22,0,0.0292849419748745,0.0259533870967562,0.0480977016837636,0.0632424092750377,0.00556626762556688,0.0368177444740219,0.0532938932761866,0.0191582751761754,0.0362310988502217,1.30865812636483e-19,0,0.0120934307610014,0.0154672053910246,0.0348831790617218,0.0661498901598256,0.0522393347412559,0.00372779073948331,0.0162800257030838,0.00235745374862595,1.54434106824189e-19,0.00959528661785576,0.0487416872421496,0.0636992448575139,0.0229196914370337,0.0890290330250839,0.0360310586566446,"GSM1479675","subtypeB"
"62",0.0103844094319961,0.0201115240487854,0.000448038673447984,0.00343332500868423,0.0889203025630602,0.063223374094609,0.036386155241193,0.0329394049279286,0,0.0851237794443941,0.049600605502961,0.0546662637630539,0.0374000374174566,0.0193111756430767,0.0211482997928185,0.0301707266011463,0.0251573876928192,0.0264511527581376,0.0362881595709402,0.0346987523657879,0.018759642019744,0.0490476343215066,0.0212121100580932,0.00095897401101589,0.0170716643477527,0.044447633245722,0.0253302109501333,0.0446570489278064,0.0779124468420896,0.0526176183814773,"GSM1479676","subtypeB"
"63",0,0.0349546175512683,0.0131914233988615,0.0175425673573521,0.0859706362871082,0.0550402399097182,0.0463858427176127,0.0379733846966189,0,0.0955602226335943,0.0712539845051515,0.0639143067856339,0.0305865454846169,0.00346880279882227,0,0.0167539130110529,0.026776281668254,0.0287845139882825,0.0348599336176836,0.104394095721746,0.0301454667027775,0.052967367813839,0.0274303306916784,0.00708281733707966,0.00402714262876386,0.0763005269050843,0.0361447418535474,0.0402920848426212,0.0104948681525107,0.0275201199548591,"GSM1479677","subtypeB"
"64",0.0114225064219898,0.0364861316400615,0.0216454571483835,0.00775113278996091,0.15207488268521,0.0699912484336261,0.032430350496551,0,0.00994292803773892,0.123246593541713,0.0730022478498715,0.0894182577648104,0.0449273277263054,0.0161509873036054,0.0205929456229743,0.0183377654021675,0.0318521708567072,0.027901818679787,0.0322714126218976,0.112599458511178,1.62898017682943e-17,0.0721993275837256,0.0357626345890539,0.00628608150138715,3.35805844882191e-18,0.0950293829756906,8.17886272007334e-20,0.0217055679480056,0.0537946483211459,0.0503134130892632,"GSM1479678","subtypeB"
"65",0.00839758693605777,0.0303775174639097,0.0138509208794939,0,0.148625590519619,0.12075542749181,0.0138244952271797,0.0319443539311252,0.00408098972473151,0.161096275314141,0.0535581696480341,0.109878500552627,0.0431468922868363,1.1235395257587e-18,4.62991684915581e-19,0.0469444402151892,0.0558969456530823,0.03929814507785,0.0354581424571829,0.129265291632504,1.23764584024379e-18,0.0533871470778515,0.0142636989497796,0.0159010751578503,2.65372473407193e-19,0.0860848204570003,0.00554209653405993,0.0342056048623522,0.0625771938368389,0.0769316627223327,"GSM1479679","subtypeB"
"66",0,0.0449484315661511,8.72502496308058e-22,2.12295092937873e-19,0.0995823901011635,0.0315584155970329,0.030105662568069,0.0418646198934674,0,0.0816800187287185,0.0922887698493954,0.0423571581419349,0.03462834578305,0.0109072621574043,0.0316869819352146,0.0411911841500538,0.0205093745341781,0.0119307099738724,0.0198084346473121,0.0695408229763707,1.0780863617446e-19,0.0491294106974731,0.0144425800398273,0.025249761743973,0.0276249317228573,0.0819647758781991,0.0289425568145296,0.0572757893345761,0.080264540771055,0.0157792077985165,"GSM1479680","subtypeB"
"67",9.00322603840449e-19,0.0282646162153289,0.00286035050644075,0.0183794467820036,0.0726286208952096,0.0404071585043838,0.0530674079514935,0.0222293921476744,0,0.0593085122725225,0.105996179318238,0.0410221515583978,0.0372142141374647,0.0185296753165884,0.0649902123017509,0.0162011017732749,0.015172817254863,0.0274763370862617,0.0267269904539664,0.0663287235594266,0,0.0620684202351588,0.021043213978888,0,0.019374794906455,0.0742292093435031,0.0408934735660085,0.0415202744504144,0.0832731576294217,0.0307095258925281,"GSM1479681","subtypeB"
"68",7.38177824675755e-18,0.00598938077572158,0,0.00779231097274001,0.0602589113010902,0.0575398374352484,0.0201754214848939,0.0945704221123856,4.53135790418033e-19,0.0512553554322748,0.124336586966541,0.0745892063529101,0.0388364688235224,1.16360473455413e-19,0,0.118001372164985,0.0408031958772969,0.041439910141143,0.0431591121236003,0.123168012571029,5.02433761780515e-20,0.0782737366012383,0.0147905016067638,0,3.39666111154254e-18,0.122465434767438,0.0415906582740842,0.0216942228743178,0.0234160016553818,0.0490623883472622,"GSM1479682","subtypeB"
"69",7.48402617088938e-19,0.0266797260932914,0,0,0.0960397490463225,0.0652094360539283,4.18244002000009e-18,0.100150507076333,0,0.0513000179486804,0.0782973529873557,0.0771180186260846,0.0599170581787344,0.0119250918907775,4.57961402159763e-19,0.0825162248059688,0.0386251506267867,0.0223020579714248,0.0246737120547542,0.0911256940717851,7.85994682542416e-19,0.0895981905128843,0.0174679775971676,0.00434031958257201,0.0157345754097383,0.0646555563672839,0.0535246259068954,0.03879000040693,0.0963292637284597,0.0618777097444003,"GSM1479683","subtypeB"
"70",0,0.00396767894889983,0.022725714399046,0,0.104228973956927,0.101954513137229,0.0592253452439087,0.0551534076492122,0,0.107038292587774,0.100027086898734,0.0751245830413451,0.0279163317761624,0.00120245092712612,0.0207697175937707,0.0253255488643979,0.0437682429801801,0.0199770108952429,0.0425207155337203,0.0471022379256858,0.0101963886846858,0.0437526669175451,0.0260783194201174,0.0174733969054574,0.0201486635864195,0.0944989722459434,0.02739034095628,0.0404088598683983,0.0986556364543477,0.0509772565686147,"GSM1479684","subtypeB"
"71",3.8174643268475e-18,0.0294487755854919,0.0174873049191906,0.00531978983042099,0.102304023611009,0.0908630317051871,0.0464872769493362,0.0555015875248538,0,0.0958135456199718,0.110150441979427,0.0905187593493214,0.0513555800236387,0.00834326239040274,0.0233199521745776,0.046289290007133,0.0426474742630016,0.0325652686938026,0.0131215356936924,0.0830100476312218,0.00225891771659061,0.0685210670180316,0.0225007930754074,0.0265243886468411,0.0228854108287817,0.108920261221984,0.0164897544338416,0.0419642639621679,0.131491651004291,0.0476554164445278,"GSM1479685","subtypeB"
