gene,logFC,P.Value,adj.P.Val
LOC100507464,-4.13068495350763,1.0231298837569501e-21,3.006774102384925e-17
DRD5,-3.01020654708391,2.72433507690365e-21,3.212055904867955e-17
CHIA,-4.86161017729114,3.2789464116659403e-21,3.212055904867955e-17
FGA,-1.96080444145573,2.47814169061127e-20,1.5575721009435368e-16
RANBP3L,-1.72150750530266,3.0918086942546303e-20,1.5575721009435368e-16
XYLT2,-1.51445565970223,3.18001653928856e-20,1.5575721009435368e-16
ZNF385B,-1.93018666795235,4.02410696030265e-20,1.6894350764196326e-16
GPER,-2.56558313258407,4.69397266425884e-20,1.724330858215485e-16
GDF5,-3.17563546436903,8.443043754716821e-20,2.7569352207068657e-16
SNORA5A,-4.18261275597742,1.51362106094932e-19,4.448229573917862e-16
SLC26A7,-2.12014189356913,1.8889685022804702e-19,5.046636940456224e-16
PTGER3,-2.64533336678745,8.81717312312806e-19,2.1593256978540616e-15
APLP1,-1.68268076951973,9.82717621535872e-19,2.2143340348864868e-15
PTPLA,-1.91699267713859,1.0687433332350499e-18,2.2143340348864868e-15
FAM165B,-1.72049204387082,1.1906288841742099e-18,2.2143340348864868e-15
MYBPC3,-1.26424775011339,1.46640281933519e-18,2.53497917968368e-15
XLOC_014356,-2.96245759619487,1.5676062242041e-18,2.5478192158947424e-15
ESRRG,-1.6991517339641,1.6472221689805398e-18,2.5478192158947424e-15
THSD4,-1.53161640429814,1.89226505050225e-18,2.7804942652080064e-15
GPR155,-2.4314159578666,3.2606908539172697e-18,4.512248606026903e-15
CGNL1,-1.79503729906701,3.3778912934732497e-18,4.512248606026903e-15
AQP4,-2.35139808011001,3.7528058565938095e-18,4.795106891894734e-15
COBLL1,-0.907159760658044,5.45281352739632e-18,6.409891357724922e-15
MUM1L1,-1.72480191734098,5.7150708443882694e-18,6.459788537495479e-15
FGB,-2.305852461821,7.13408236192572e-18,7.765052313047151e-15
SH3GL2,-2.60550418424659,8.4939815497206e-18,8.799221230639018e-15
LOC100506412,-3.48977930390901,1.09592809111301e-17,1.0735711580543046e-14
GRIA4,-1.75935736568253,1.22154215050162e-17,1.1580219586755358e-14
XLOC_003123,-1.98725587350341,1.47761169269078e-17,1.357001638274895e-14
LINGO2,-1.9615339590415,1.55193264466597e-17,1.3820665624679857e-14
XLOC_010144,-3.99352037216403,1.91503227823823e-17,1.655263782143091e-14
CKB,-2.25709476038501,2.12598480876393e-17,1.7850983302844106e-14
KCTD8,-1.96442788205503,2.2578170635442902e-17,1.808566051773829e-14
XLOC_014216,-2.079171241134,2.27701592199645e-17,1.808566051773829e-14
AGXT2L1,-3.36140696565457,2.51776796500326e-17,1.9101477021983993e-14
MFSD4,-2.31942082581378,2.59990159547897e-17,1.9101477021983993e-14
KIAA1191,-0.895880386573429,2.8024188464585904e-17,2.008719147798172e-14
RAP1GAP,-1.30176041657756,3.85923037323803e-17,2.7003586240171243e-14
PLCXD3,-1.98807116378407,4.38422587791159e-17,2.949791751687387e-14
TMEM184A,-1.87528797771973,4.41645695774619e-17,2.949791751687387e-14
SMARCD3,-1.52807555728369,4.78674535945887e-17,3.1260638360839395e-14
C8orf12,-1.88997546646698,5.16814987582315e-17,3.3017736641454506e-14
STX12,-0.824193278760445,7.3483009027234e-17,4.498997227692402e-14
XLOC_004339,-2.48408479334788,1.06595197814397e-16,6.393101374223467e-14
SLC2A12,-2.1874749093578,1.49538458322868e-16,8.78927242638489e-14
FLJ42875,-1.90102244902218,1.60421699451738e-16,9.244064516642501e-14
FGF13,-1.42159164162003,2.19853746593903e-16,1.2425119047887734e-13
FGG,-2.96821296169902,2.58171058832611e-16,1.431534165466561e-13
IGF1R,-0.939083739938948,2.97781898237878e-16,1.6205952639656958e-13
TBC1D14,-0.859201836571852,3.37337376110465e-16,1.8024856016607902e-13
C3orf18,-1.36507558306463,3.66395805094323e-16,1.914241927419822e-13
FLJ37644,-1.4420217219095,3.71280079838471e-16,1.914241927419822e-13
XLOC_001575,-2.52828591473849,3.84610442417409e-16,1.9487813244418648e-13
DUSP19,-1.41313881736132,6.60342175574019e-16,3.2891755687744525e-13
LOC283731,-1.20265844881222,8.370447688167449e-16,4.032634699342049e-13
PDCD6,-1.16235552240841,8.95899772930258e-16,4.2465649236894227e-13
XLOC_006599,-2.67689286863768,9.49993610098148e-16,4.400667388495157e-13
XLOC_003780,-2.07810358751656,9.58359578275793e-16,4.400667388495157e-13
CLIC6,-2.46343895824188,1.1877670681539301e-15,5.370169015216569e-13
XLOC_004638,-2.82024976031487,1.2624772255049201e-15,5.621466773202817e-13
ROBO3,-1.93062933665003,1.3956033118471e-15,6.121491063964565e-13
CCKBR,-2.7562506430464,1.6036716855569801e-15,6.93069169046302e-13
XLOC_001952,-1.59331595576624,1.69523354341167e-15,7.220220778809009e-13
IGFALS,-2.12781121071184,1.8299275918633602e-15,7.682558867097205e-13
XLOC_009894,-2.40442696514673,2.07178215784102e-15,8.575427331638295e-13
EDA,-1.02999784076414,2.11476400755116e-15,8.631761757487986e-13
XLOC_007161,-2.50448837562952,2.5277002768361802e-15,1.017589804598105e-12
VEGFB,-1.08483076419289,2.8572078528110602e-15,1.1346976267352897e-12
REEP5,-0.538213319989309,3.3711546295162803e-15,1.3209532300296594e-12
MAST4,-1.73216805461839,3.893101911763811e-15,1.450585738029005e-12
ALDH6A1,-0.760646990508685,3.89587275608153e-15,1.450585738029005e-12
XLOC_003483,-1.88800059840993,3.8994240269596905e-15,1.450585738029005e-12
DEAF1,-0.734646343956197,4.3222654011123e-15,1.572022697240481e-12
WASF3,-1.47615364811626,4.332851452173641e-15,1.572022697240481e-12
NRTN,-1.5162749719057,4.684428640936441e-15,1.678853523168782e-12
SYNGR1,-1.03674303608834,4.85431935920928e-15,1.718779967812558e-12
TRIM50,-2.7389224027291,5.5584988249143e-15,1.9232494474927994e-12
CDH2,-2.04312545360002,5.75484259198574e-15,1.9665501638753134e-12
BCAT2,-0.691152519285315,6.209365684961821e-15,2.0974809051684827e-12
LOC100128501,-1.93642553642789,6.298876181533931e-15,2.1035383320786268e-12
FAM161A,-1.12536043160379,7.018325482894251e-15,2.3174668459696206e-12
KIF17,-2.31822262414627,7.81019797448598e-15,2.5502899786021555e-12
ADHFE1,-1.8467112672895,9.044284226792151e-15,2.920806866560085e-12
GPRC5C,-1.12416181054438,9.17580220539294e-15,2.931070382740084e-12
MBIP,-0.581550167993133,9.354016453990691e-15,2.9558691994610587e-12
GUCA1C,-1.80384310080151,1.07002890613912e-14,3.345320158895368e-12
PALM3,-1.56515723565395,1.08571659387772e-14,3.3586357116714145e-12
DHRS2,-1.53418468677588,1.1801379796999301e-14,3.612697390356411e-12
LOC728743,-0.903355076353712,1.2624098207717101e-14,3.785683654371328e-12
SLC41A1,-1.10231357169079,1.37805557236454e-14,4.090737086934253e-12
XLOC_l2_004168,-1.3927959911208,1.4775528155138602e-14,4.3422322142321326e-12
SLC16A7,-1.63554177953499,1.57627316144654e-14,4.56284449554165e-12
XLOC_012670,-2.17281061862558,1.58367407971025e-14,4.56284449554165e-12
PGA3,-3.47748480414296,1.6253537662756202e-14,4.621016785242343e-12
CKMT2,-2.64898638734739,1.78243037359346e-14,4.941704133883453e-12
KCNK2,-2.58918697232691,1.90235403248854e-14,5.2248953557731975e-12
TSPYL4,-0.73361371541186,2.1017509315030702e-14,5.6666290252304796e-12
XLOC_008013,-1.87451114560443,2.26195241277575e-14,6.043114318786704e-12
PDE1B,-1.93496518825173,2.31567139560217e-14,6.1308964841402315e-12
RPRM,-1.95433969365743,2.98716799017167e-14,7.633642860449134e-12
PLIN5,-2.38514760716832,3.11460808271182e-14,7.890698477132324e-12
FOLR1,-1.89421844658909,3.2535569333984e-14,8.17226762040275e-12
KCNE2,-2.46861733065251,3.80378890948273e-14,9.326504149279663e-12
ZMIZ1,-0.968301650460864,3.80829079186593e-14,9.326504149279663e-12
ARHGEF17,-1.04939314687189,3.9030251572004504e-14,9.432312042157958e-12
GABARAPL1,-1.03438197594915,3.9156869101104903e-14,9.432312042157958e-12
GGA2,-0.749197445737732,4.25064963559126e-14,1.0155942397622435e-11
XLOC_000682,-0.947084727674917,4.3502183608394e-14,1.0227537375067864e-11
ANGPTL3,-1.24847750506714,4.50284119287046e-14,1.0502341029847387e-11
REXO2,-0.749906951927978,4.6724579099867e-14,1.0812141185723555e-11
FGD4,-0.747396056820187,4.7894483955405105e-14,1.099627417563629e-11
CCDC101,-1.28312413335464,4.9505161070310405e-14,1.1277966461506064e-11
XLOC_001748,-0.890305918955839,5.00322005529315e-14,1.1310356229611931e-11
TMEM161B,-0.740280892826508,5.4924977037017103e-14,1.2228297160332262e-11
FZD4,-1.04596503336986,5.794969229668999e-14,1.2722478511308233e-11
PAPSS1,-0.719677755475669,5.801048456905211e-14,1.2722478511308233e-11
LOC100506452,-1.71919243503402,6.39870530484561e-14,1.3826849374911969e-11
LOC100505754,-1.50642802264629,6.63761062339198e-14,1.415002276584362e-11
ASB11,-0.598029538610379,6.64455948579835e-14,1.415002276584362e-11
MRGPRX3,-1.75906886290717,7.23278252398888e-14,1.5182643772498943e-11
ME3,-0.848116390708375,8.224662988444761e-14,1.7040428644839027e-11
XLOC_009183,-1.3306651278638,8.23377183737288e-14,1.7040428644839027e-11
GHR,-1.22265698116803,8.5398586740286e-14,1.742842824391337e-11
LRIG1,-0.879333732971355,8.693288506773699e-14,1.7619197423245896e-11
PPP2R3A,-1.30170337430561,9.164557691364851e-14,1.8197839286069612e-11
DCAF12L1,-1.06466379907552,9.96221195828714e-14,1.96489587268552e-11
YPEL1,-0.743224789058311,1.10654496954543e-13,2.1394173398027037e-11
CELF4,-1.67227726806997,1.31930604718419e-13,2.5176471503018814e-11
ODZ3,-2.06124223427894,1.41827647874498e-13,2.6547967616151252e-11
LIFR,-1.31861748184686,1.47689994520325e-13,2.747033898078045e-11
XLOC_012240,-2.100080811637,2.02442638420663e-13,3.7417511056015375e-11
XLOC_001589,-1.25177718418349,2.09402208708256e-13,3.846195068448892e-11
SIGLEC11,-1.18475524344488,2.11882799405407e-13,3.86758491237646e-11
DNAJC6,-1.23974854238726,2.32224095370461e-13,4.1361222513618835e-11
LAMP2,-0.690466523932919,2.4229220298622397e-13,4.289447747806717e-11
C8orf84,-1.94405875160086,2.57858438706946e-13,4.483990412260195e-11
GPSM1,-0.781301446537515,2.9136497829099797e-13,5.00738829357652e-11
GPT2,-0.977125426297381,2.95852730149355e-13,5.05495350792398e-11
C14orf37,-1.34701556085943,3.03959821228533e-13,5.163451575875218e-11
XLOC_003296,-2.09511611542689,3.16235548941444e-13,5.3105887498806616e-11
SNORA80,-1.16046492619752,3.26136895610763e-13,5.4457449364824454e-11
GIF,-4.10858365651445,3.34248979248832e-13,5.549666102917895e-11
PXMP2,-0.669532719734508,3.71248348332357e-13,6.095109754632015e-11
METTL7A,-0.844365276799115,3.78295434988588e-13,6.176303468580346e-11
XLOC_004446,-1.75170200789188,3.83151343746471e-13,6.216390064677921e-11
PAIP2B,-1.18594985919712,4.16458696060977e-13,6.626603306694227e-11
DNER,-2.35132328813693,4.16625444758122e-13,6.626603306694227e-11
EGFL6,-1.58053745779662,4.19405272575584e-13,6.626603306694227e-11
SUN5,-1.28359038749248,4.21977909392682e-13,6.631597219910235e-11
PAQR5,-1.64429102725368,4.36666350755168e-13,6.825931231911105e-11
CLCNKA,-1.84742756481381,4.43589306191923e-13,6.89746165627949e-11
ACADL,-1.47082746210077,4.6741099186842e-13,7.172841559787173e-11
PDE8B,-1.18629427328228,4.89339191507017e-13,7.412732041241348e-11
GLUL,-1.27952144370667,5.01202633587192e-13,7.553509228646358e-11
PLEKHM3,-1.47033653158354,5.17338293603115e-13,7.75690702673895e-11
XLOC_l2_002611,-2.3789281686047,5.87432423532213e-13,8.763179727291712e-11
LOC644192,-0.875395166924625,6.18450600439809e-13,9.179306184709649e-11
XLOC_005517,-0.753465921539782,6.64064427379631e-13,9.806796679312862e-11
TMEM37,-1.27891862729786,6.79090831751321e-13,9.978560681753911e-11
IPW,-0.742638836376011,7.29878317638927e-13,1.0566336945208268e-10
RGN,-1.5157474597135,7.40030502411528e-13,1.0623028867306982e-10
CKM,-3.26624444795035,7.51733546831717e-13,1.0724245375869175e-10
HDC,-1.91226377912326,8.01620287378595e-13,1.132596971417411e-10
OBSL1,-0.715551047435573,8.17989037006365e-13,1.1501943454326822e-10
CDK14,-1.02702213495227,8.40542892074132e-13,1.1747651672128412e-10
SLC25A36,-0.639621764711666,8.434580450588999e-13,1.1747651672128412e-10
TMEM132A,-1.20003068992823,8.97149260959832e-13,1.243652003824884e-10
PTPRM,-0.914337663748659,9.33316807174502e-13,1.275735550197408e-10
CECR5-AS1,-0.89424810165595,9.57019339511895e-13,1.2901323096135584e-10
KCNJ16,-3.06979327631096,1.00816998772522e-12,1.3406379909171389e-10
XLOC_002678,-0.9953863479823,1.02150438226071e-12,1.3522509363007995e-10
MYRIP,-1.58133359580801,1.11447186419492e-12,1.4621472832571567e-10
KCNMB2,-1.45576036828324,1.32681649424886e-12,1.717730534492753e-10
FBXL13,-1.73141187363519,1.3911915088951298e-12,1.7881576538011913e-10
SNURF,-1.03923683701376,1.4532696245356099e-12,1.856899466341413e-10
LOC100306951,-0.619447004035063,1.4783602606272299e-12,1.870203952894148e-10
LOC285141,-1.10502322128934,1.4807628310374e-12,1.870203952894148e-10
C21orf30,-2.24247140523247,1.4827736525940399e-12,1.870203952894148e-10
ASPHD1,-0.930952120431639,1.5269723199443899e-12,1.9177206213045183e-10
ZNF204P,-0.763961101520112,1.5358156100616999e-12,1.92061911270184e-10
OR52K2,-1.94391977646303,1.54947831412349e-12,1.929494436248353e-10
XLOC_l2_006027,-1.63717976397396,1.58707904362269e-12,1.9679780140921354e-10
XLOC_011486,-1.70051468914769,1.6105686448788e-12,1.9868758425688977e-10
ANKAR,-0.567711031901691,1.61584090912606e-12,1.9868758425688977e-10
ND4,-0.783563244615943,1.76570527753698e-12,2.138929018488753e-10
GTF2IRD2,-0.56023349726515,1.7686121937279399e-12,2.138929018488753e-10
XLOC_011294,-1.14710568359815,1.77675836849282e-12,2.1399743825109423e-10
ZNF626,-0.679645424962865,1.84646570418094e-12,2.2058509802629862e-10
XLOC_006757,-1.99527874661944,1.8882523890946398e-12,2.237579081077148e-10
TM7SF2,-0.962764277184188,1.92349016082553e-12,2.2549280974744317e-10
LARP6,-1.40546732209845,1.92385222759999e-12,2.2549280974744317e-10
FXYD4,-2.46125182673445,1.92591177509896e-12,2.2549280974744317e-10
EIF5A2,-1.24249947640792,1.9513651521995e-12,2.262540682903536e-10
CA9,-1.29953163232,2.11643774504441e-12,2.4063955786053603e-10
PACSIN1,-1.65098720724981,2.1207855412371997e-12,2.4063955786053603e-10
XLOC_006689,-1.59146756126423,2.21495944711358e-12,2.503585701222073e-10
XLOC_012210,-2.12172692301119,2.24594337336462e-12,2.5192283914671546e-10
LOC150622,-1.71852989554344,2.27061011121298e-12,2.537212545563766e-10
RNF130,-0.556845535686871,2.3214142760427996e-12,2.584156164558553e-10
RIMS4,-1.45808324111491,2.35856380432959e-12,2.596010227776704e-10
KCNIP3,-1.42992109845279,2.6127569201573698e-12,2.8544126531444154e-10
PTF1A,-1.57536870595283,2.6718465071712897e-12,2.9081564871388836e-10
ENPP5,-1.69066673109592,2.70373020965774e-12,2.9320008635210943e-10
SNTB1,-1.07610006239752,2.73218419980591e-12,2.95196431117265e-10
ATP4B,-4.4156028859971,2.7489256610400997e-12,2.959173162148222e-10
EPB41L4A-AS1,-0.578064410113038,2.76501635957483e-12,2.965631415152741e-10
IGFBP2,-0.832558117246016,2.86140181145909e-12,3.0467708853318744e-10
HS3ST4,-1.01244714854201,3.13483969364824e-12,3.313908953846564e-10
LOC100506090,-1.54538210469239,3.1971808453187397e-12,3.3676971570690725e-10
XLOC_012829,-1.5865945459731,3.32204080887657e-12,3.474310864457816e-10
DUX4L9,-0.678496607260432,3.56238235855743e-12,3.6863131251156957e-10
AKNAD1,-0.917434994934888,3.5903145022880297e-12,3.7021811436224775e-10
CACNA2D3,-0.905067119053702,4.2862638799011394e-12,4.358640930883553e-10
CCKAR,-1.62933930127738,4.3471502586838296e-12,4.390173601450185e-10
ODF3,-0.816399568054456,4.6094723502327995e-12,4.612155357002753e-10
LOC100505601,-1.28410100464129,4.61403863807952e-12,4.612155357002753e-10
LOC100506965,-1.17936036216655,4.845966830831049e-12,4.811259230556179e-10
RNLS,-1.53515774343227,5.0874804823471595e-12,5.016663197284059e-10
SLC1A2,-1.52408790432155,5.10406388998208e-12,5.016663197284059e-10
NPHS1,-1.48983607299868,5.1728850148743195e-12,5.067358160570883e-10
LOC100653103,-0.796399338262884,5.39220237767579e-12,5.2472199826204e-10
FUT1,-1.27159861300494,5.49337189389297e-12,5.328026838868864e-10
RTDR1,-1.36494630771997,5.5567046418547e-12,5.354112656223801e-10
PTPRS,-0.784730378529644,5.80506085188031e-12,5.521007388836847e-10
CYFIP2,-0.957597332147375,6.0233845622597395e-12,5.710168565022233e-10
HSPB7,-1.0208510041676,6.22311168778466e-12,5.842965056888676e-10
CCDC110,-1.24857844691996,6.79743818377789e-12,6.262166562534941e-10
LOC100128131,-2.16386416380712,6.83820181459417e-12,6.28003359147792e-10
C7orf41,-0.930421420961874,7.0184904412015696e-12,6.407524820448928e-10
SNORD116-19,-1.07156738700083,7.02063084314875e-12,6.407524820448928e-10
ERBB4,-0.874938310288395,7.10318898645803e-12,6.462802412818222e-10
GHRL,-2.53593909749859,7.36417556963961e-12,6.679579988906445e-10
C11orf85,-1.63821871572077,7.676186224522359e-12,6.931608936670942e-10
DCXR,-0.70018778296429,7.689208225652399e-12,6.931608936670942e-10
XLOC_011184,-0.588491609468969,8.25151663818499e-12,7.415766696115612e-10
REC8,-1.26582815859573,8.36086665767453e-12,7.491132601699364e-10
HMOX2,-0.509739002524256,8.61962701629063e-12,7.676169659234819e-10
XLOC_011754,-1.66074453698526,8.70401732286187e-12,7.727905168708901e-10
XLOC_002302,-1.87238928899337,8.93534011947591e-12,7.899217435881822e-10
SETBP1,-0.845139095849826,8.95072616764886e-12,7.899217435881822e-10
POPDC3,-1.59436695137283,9.167371519873569e-12,8.066189048683965e-10
ANKHD1-EIF4EBP3,-0.50779458843594,9.32776864545771e-12,8.182819849334662e-10
LMAN1L,-1.43907616892528,9.663721974393959e-12,8.427224373397319e-10
PP7080,-1.67103828706896,1.0141821846194499e-11,8.766113541645998e-10
GABRG2,-1.60175583785275,1.1092715315322499e-11,9.559903744477935e-10
LOC100507656,-1.96733316997999,1.13647278310212e-11,9.737219285657463e-10
XLOC_l2_012552,-1.48665136569749,1.15811865977655e-11,9.865156861887898e-10
HBZ,-1.11208761646961,1.1685391085320598e-11,9.925152405069415e-10
PDGFD,-1.13993847604189,1.1899232714167399e-11,1.0057207860541364e-09
CHAD,-1.85348848264361,1.2066733374648198e-11,1.016095015513356e-09
TMEM211,-1.33051971893174,1.2133275891596e-11,1.018779176863495e-09
ANKRD24,-1.823821176831,1.2185533747099899e-11,1.0202520392016291e-09
B3GAT1,-2.52032017283472,1.2303146290714099e-11,1.0271729067940508e-09
DGKD,-0.852687063084479,1.3196839672213499e-11,1.092475279681719e-09
LOC100240734,-1.30160693693117,1.3378977077993198e-11,1.1042792537534083e-09
LOC100131034,-1.11354316632812,1.3414580563153899e-11,1.1042792537534083e-09
LOC100505974,-1.5108058955473,1.3487457318723499e-11,1.1071770829124195e-09
CPA2,-2.92507760711344,1.3572385210297e-11,1.111045282897516e-09
LOC388588,-1.19282360411725,1.3800256906783698e-11,1.1265609721571093e-09
COL2A1,-2.53774029323229,1.3899486839472798e-11,1.1313101471164465e-09
ZCWPW1,-0.602027863533189,1.3935425114201499e-11,1.1313101471164465e-09
BEX2,-1.34655162888948,1.39768356081385e-11,1.1313617050889911e-09
PDILT,-2.32577153565007,1.4024249560145198e-11,1.1313617050889911e-09
FLJ33630,-0.514697347836385,1.4446404268971699e-11,1.1568145195001097e-09
NIM1,-1.15241636469404,1.4567894517260798e-11,1.163373054546903e-09
DIRC3,-2.08149578416938,1.4684585142895e-11,1.1695137891040604e-09
GSTA3,-2.17926800871872,1.47779095604758e-11,1.172971152481757e-09
LOC100506802,-0.829814821816837,1.4807822838258197e-11,1.172971152481757e-09
ENOX1,-1.28974847959515,1.5502199867713498e-11,1.2209598401041656e-09
ST3GAL1,-1.12625786851369,1.5538280257212397e-11,1.2209598401041656e-09
LOC100506548,-0.545347556534648,1.5606437282293698e-11,1.2230452769387924e-09
SNRPN,-0.888267149420657,1.58124728630194e-11,1.2358961502617396e-09
GBGT1,-0.727176747272258,1.5908387797751897e-11,1.2400946965526068e-09
TMEM8B,-0.51892235662624,1.6019213957730698e-11,1.2454303169042057e-09
CSH1,-1.29748096823284,1.6191836528489e-11,1.2555295300771365e-09
MLL3,-0.711354710848227,1.6358729366282098e-11,1.2651324700428901e-09
FAM110B,-1.00584914446611,1.6654309786232398e-11,1.2779030182710123e-09
RNF180,-0.925709922418468,1.75760345695095e-11,1.3366621044775045e-09
ASXL3,-1.38806172692626,1.77845731058955e-11,1.3470439031857138e-09
XLOC_010500,-0.965793511119058,1.8490538492901798e-11,1.3933331928958925e-09
KCNJ18,-1.45836910134646,1.8994330282354098e-11,1.4250816096899164e-09
LOC100506948,-0.980414704271334,1.90088468421957e-11,1.4250816096899164e-09
BAHCC1,-0.75495949862954,1.9098263476883397e-11,1.4281419009125936e-09
PACRG,-1.08379296633979,1.9505435074675798e-11,1.4512043695558794e-09
GSTM2,-0.945819890618814,2.13204014739371e-11,1.5742813028041796e-09
SERPINA4,-1.50071472658854,2.3280708062766498e-11,1.7061682008692814e-09
DMD,-0.536860897593153,2.3407059106356497e-11,1.7111608284020017e-09
NME9,-1.11626472486552,2.38823231841352e-11,1.7415724906584746e-09
XLOC_l2_010759,-1.58765105526043,2.39468013869233e-11,1.741951978116094e-09
FMO6P,-2.19125361534913,2.4054228790651e-11,1.7454461128386459e-09
EFHA2,-1.31282796366812,2.4701245622168597e-11,1.7879808038036719e-09
RAB26,-1.14243463790728,2.4850830294156297e-11,1.7943886994709219e-09
TCEAL2,-1.57821226055656,2.5077704818424196e-11,1.8063323264800253e-09
SNORA5B,-1.71270560576704,2.5704113526676897e-11,1.8469253993202463e-09
NAT8L,-0.705021893814913,2.6586214178246498e-11,1.9038034902851933e-09
OR51I1,-0.99467537931355,2.6625263185899497e-11,1.9038034902851933e-09
HIP1R,-0.682638812911103,2.6813362898431796e-11,1.9125997787842563e-09
EGFR,-1.08769088485113,2.70906705975293e-11,1.9218396424493402e-09
LINC00261,-1.06043400508274,2.7143775321922898e-11,1.9218396424493402e-09
MID2,-0.915831625105416,2.7204481123551298e-11,1.9218396424493402e-09
TMEM42,-0.523358629719966,2.79978593458453e-11,1.9684236613772767e-09
TPD52L1,-1.38796655389148,3.1243233367533696e-11,2.1452713602922436e-09
CTF1,-0.835725554040549,3.29307321746546e-11,2.255870296384031e-09
LOC642648,-1.46763662645367,3.34569806401943e-11,2.2760040441065508e-09
ECHDC3,-1.25011844165046,3.3807032175716494e-11,2.294505915889045e-09
XLOC_003872,-0.892503699588575,3.4160476844313195e-11,2.3131522891720647e-09
MT1F,-1.21110930489086,3.49541921040877e-11,2.3560408200801133e-09
XLOC_005180,-1.13424911519727,3.52701413961258e-11,2.371896831463032e-09
C1orf130,-1.20157554239001,3.60649978298303e-11,2.4198131420617643e-09
LOC100652948,-1.1871347566823,3.62391119417422e-11,2.425956769348337e-09
GADD45B,-0.735835329539102,3.72725010458661e-11,2.483819185342206e-09
RGMB,-0.891776129651499,4.1020946145819096e-11,2.7029676352765283e-09
NFATC2,-0.749531366537534,4.2546594805782597e-11,2.797224447768096e-09
LOC400464,-0.968668475155291,4.2764091972563595e-11,2.805248068950221e-09
SYTL3,-0.791260141677073,4.3641041020517094e-11,2.856398471071172e-09
FLJ37453,-0.501553358199616,4.44747465742429e-11,2.904497449608556e-09
ATXN7L2,-1.32728741059771,4.669317815439969e-11,3.0291812794735057e-09
CHRM3,-1.266674778321,4.8514120834259394e-11,3.133479083686187e-09
ALAD,-0.550931629052532,5.2527205558334397e-11,3.3412760107106735e-09
SMAD5,-0.988004379139298,5.4361817067233294e-11,3.420953062038227e-09
LEPR,-1.6205757854947,5.968138344485349e-11,3.71592478109609e-09
SMYD2,-0.720228559290979,6.126247301337519e-11,3.7902769619306734e-09
RAPGEF4,-1.03756383058379,6.30256635765205e-11,3.874891634281975e-09
CBX7,-0.651472632791694,6.43455236062202e-11,3.947779222838411e-09
ZNF503-AS2,-0.854323885458739,6.66848901163329e-11,4.074294284280231e-09
FAM150B,-1.79665143850755,7.104462884929189e-11,4.3226905851407656e-09
CHST3,-1.44748197622707,7.53065930932777e-11,4.5350617988222234e-09
CHD3,-0.525360116872553,7.704177321387629e-11,4.620619655529381e-09
XLOC_002258,-2.63567379357949,7.73794659850772e-11,4.631421072035537e-09
HPCAL1,-0.55024106659847,7.861790655109059e-11,4.6959817839907525e-09
KIAA1958,-0.724322274749276,8.320846913627439e-11,4.950061722625166e-09
AZGP1,-1.34336750968349,8.41963625475702e-11,4.988634480943534e-09
SNORA47,-0.713446142072625,8.828838643256839e-11,5.189470271634543e-09
XLOC_l2_009736,-0.823130258506567,9.056076946338719e-11,5.280922605108394e-09
TMEM86B,-0.697929706606934,9.098110596303909e-11,5.2945598852312724e-09
LRRC17,-1.73152851987815,9.39870036650934e-11,5.437185164783002e-09
DBN1,-1.02527392201431,1.00873253899907e-10,5.7956912000172974e-09
NMD3,-0.506204380345507,1.0206479202396501e-10,5.835564412451913e-09
SLC5A2,-1.09811674833603,1.05125380150635e-10,5.964140293179269e-09
GNAZ,-1.0019465062942,1.10520939134228e-10,6.231175427294484e-09
TTC7B,-1.27475030292214,1.10574512294385e-10,6.231175427294484e-09
ATP8A1,-0.789561164522357,1.11851466366708e-10,6.2850686301812894e-09
ARMCX1,-0.849268907141253,1.12582270232342e-10,6.314060606084097e-09
SYNE1,-0.643889658936164,1.1285840446007801e-10,6.317491029090996e-09
LOC100505483,-0.696971212175912,1.14696613862241e-10,6.4006546161405135e-09
CDK6,-0.682608957637687,1.14779671386486e-10,6.4006546161405135e-09
CTSF,-1.09880435721827,1.16655586329571e-10,6.480669888569816e-09
KLK11,-1.60501698972681,1.18724026410372e-10,6.5707376424633e-09
HOMER2,-1.35939276879828,1.19829089358952e-10,6.619430973836243e-09
EPHB3,-0.597633536789417,1.20482626826239e-10,6.630605687583356e-09
LAMA2,-1.26256404087688,1.21826086394775e-10,6.692009396204949e-09
XLOC_012662,-1.57457997534468,1.27360264527343e-10,6.969950565976827e-09
XLOC_012005,-1.49002219365178,1.28431234701548e-10,7.015496515630284e-09
HPN,-1.90398755543801,1.3609593196952e-10,7.420384505974496e-09
XLOC_008152,-0.772499871823969,1.45972415338596e-10,7.900252931806004e-09
SUSD4,-1.16496577768472,1.4708644121391101e-10,7.945912379401501e-09
CLDN19,-0.846577451083886,1.51720055414404e-10,8.18119080462111e-09
C5,-1.07309219006255,1.54223344214178e-10,8.300944395176306e-09
GRIA3,-1.45496070645495,1.57038969393414e-10,8.43704064448565e-09
XLOC_013195,-0.894825484375357,1.60838160182858e-10,8.60967550355889e-09
TBC1D9,-0.606705971663556,1.65095280650172e-10,8.791436819201439e-09
PLCL1,-1.18011270704466,1.6660435394441002e-10,8.853831381045788e-09
ZNF429,-0.50558454962811,1.67715045521638e-10,8.896768515866242e-09
XLOC_013301,-1.39922750360568,1.68802963236198e-10,8.938345015469165e-09
P2RY4,-1.59984582274108,1.83309688509389e-10,9.603106295886293e-09
FNDC5,-2.12607201334958,1.87239287582375e-10,9.77369126726614e-09
LOC284578,-1.12888651176309,1.88274110654761e-10,9.810282914755526e-09
LOC100129129,-0.863506047013961,1.9382003473353e-10,1.001051525614935e-08
RGS11,-1.16929563965102,2.04403349451873e-10,1.0483430425290827e-08
BNIP3,-1.21257442266237,2.06595052760511e-10,1.0536165333976742e-08
ERO1LB,-0.945960974362793,2.06865638958234e-10,1.0536165333976742e-08
EPOR,-0.864508825747326,2.08527139858245e-10,1.0602414508917135e-08
ZSCAN22,-1.21307192493046,2.0944452609182e-10,1.063066620515787e-08
CYP2C8,-1.40402703614345,2.10482148362833e-10,1.0664912717391269e-08
XLOC_013835,-1.92644916522467,2.12018233920625e-10,1.0705827935497127e-08
ATP4A,-4.25352165284884,2.13988056340803e-10,1.076506792236928e-08
SERPINA5,-1.9521008393,2.14290347576767e-10,1.076506792236928e-08
XLOC_l2_015752,-0.75794285457224,2.17894968153397e-10,1.0908854044449798e-08
LOC285095,-1.06841890788801,2.28146272465634e-10,1.1306513752479009e-08
B3GALNT1,-0.746771586192387,2.30084510645218e-10,1.1383373062023008e-08
RYR2,-0.533858721369828,2.47994197172249e-10,1.2036533570377791e-08
LYPD2,-1.79544469698835,2.4820128432179603e-10,1.2036533570377791e-08
FABP3,-1.63527231002582,2.50022697640879e-10,1.2104888036688884e-08
XLOC_011327,-1.29033909075217,2.50846822051003e-10,1.2124813168478414e-08
SNAI3,-1.00221617404866,2.55440904784416e-10,1.2326596567823345e-08
FAM99A,-0.527534618674149,2.6625502439803005e-10,1.2785461857858344e-08
KIAA2022,-0.949024263702971,2.69172907303997e-10,1.2883474592589356e-08
LOC730236,-0.928290981648412,2.70101058191942e-10,1.2906877883162264e-08
ND1,-0.730724583718461,2.85657034615807e-10,1.360597882218693e-08
ZNF362,-0.518537617162141,2.86823162491518e-10,1.3639416018285975e-08
NME3,-0.507927677461682,2.95056974034257e-10,1.3940730470930457e-08
SLC2A4,-1.74885502459511,3.47517498203626e-10,1.615956366646861e-08
SNORA48,-0.995577446245973,3.71720019009514e-10,1.7095630545620655e-08
SCUBE2,-1.54689737036069,3.74417499100068e-10,1.7192783536801248e-08
ACVR2B,-0.53577334688401,3.79236568342894e-10,1.737471276287531e-08
METTL21B,-0.656026340226187,3.8385100084902e-10,1.7543721948601868e-08
XLOC_002647,-1.02039196036662,3.84730181721325e-10,1.755660028016506e-08
SLC13A3,-0.81948039884299,3.87087550629226e-10,1.7636789050994874e-08
MECOM,-0.567288354969229,3.8817912424618103e-10,1.7659145670815428e-08
HDAC5,-0.510268723516881,3.9026740494250103e-10,1.7726705558655673e-08
LOC100289090,-0.960045366548394,4.1254320374408006e-10,1.8623378911875614e-08
CCDC106,-0.750600271288028,4.15277557620827e-10,1.8718062673866358e-08
PTPN13,-0.944165981921132,4.20804746575894e-10,1.8938146848962287e-08
XLOC_012893,-0.955365269041755,4.3258414670911203e-10,1.9407997897922296e-08
ZNF540,-0.819166281207165,4.37513192641719e-10,1.9540482834885773e-08
GPR98,-1.11619844281559,4.47947947246812e-10,1.9930419832527596e-08
PLD6,-0.709881971168435,4.48278464315392e-10,1.9930419832527596e-08
OR2A25,-1.67970062999443,4.81980019652673e-10,2.1299892958725945e-08
XLOC_004600,-1.47988655060221,4.87296482913893e-10,2.150250606587611e-08
XLOC_001755,-1.56067120931641,4.88182845289023e-10,2.150932152526808e-08
RHOBTB1,-0.575689085872531,4.96134547266966e-10,2.1816485125138322e-08
RAPSN,-1.19290029286316,4.96985650373102e-10,2.1816485125138322e-08
PM20D1,-1.21721539538397,4.97381415334241e-10,2.1816485125138322e-08
LOC286367,-0.694249345512841,5.20101117598715e-10,2.2677643388710737e-08
APC2,-1.1692607989277,5.23620539259181e-10,2.27635508990367e-08
FREM2,-0.960929149822829,5.321021525569301e-10,2.3030070779592135e-08
G0S2,-1.7783269267969,5.341717984826561e-10,2.3085648255600437e-08
LOC386758,-0.833170847259807,5.53885337955409e-10,2.3797634958821e-08
XLOC_001485,-0.949467088326756,5.56513066308514e-10,2.387562918638629e-08
LOC100507372,-1.04096738818341,5.71413111712814e-10,2.4407977510197933e-08
RBP7,-0.987652686304214,5.72609640137074e-10,2.4423587959866952e-08
XLOC_l2_011873,-0.64001144793169,5.89694766084043e-10,2.504328003710673e-08
KCNJ12,-1.30674685230939,6.03266948630963e-10,2.554583441839588e-08
PTPRZ1,-1.42619466235255,6.12047300882349e-10,2.588035406954025e-08
LOC100507448,-0.534680370726749,6.43563250618071e-10,2.7057277266328858e-08
APOC4,-1.12360070548704,6.47473920586896e-10,2.7159210242129357e-08
GSTA4,-0.598614616561744,6.60809809164387e-10,2.7545927193933342e-08
XLOC_006793,-1.56441164504422,6.76401733893731e-10,2.8116116203209285e-08
XLOC_007604,-1.44272232021165,6.86098166492286e-10,2.8478888300671325e-08
OXCT1,-0.752066324676144,6.997462969601041e-10,2.900443466158468e-08
RNF217,-1.06234907148812,7.15379499169849e-10,2.9569019299020426e-08
FAM178B,-1.39898032886049,7.69701765665418e-10,3.1548110863842827e-08
SHISA4,-0.55569502007827,7.73525241305396e-10,3.1660668233263194e-08
XLOC_l2_005415,-1.03958138348734,7.80467970280134e-10,3.190040710791735e-08
ANKRD16,-0.908232405593071,7.921953399611411e-10,3.224520311742107e-08
XLOC_002094,-1.38818546244027,7.98280546617603e-10,3.244795118118688e-08
C8orf78,-1.1584171398754,7.99870828752563e-10,3.246768496599492e-08
PDCD4,-0.617428150845834,8.27675207207896e-10,3.3411701908551715e-08
IDUA,-0.533054691258984,8.35169976155045e-10,3.3668004470842887e-08
XLOC_001982,-1.26912296759336,8.41343111041707e-10,3.387039910588176e-08
XLOC_004726,-0.956270142645937,8.55284411139959e-10,3.4337565948881304e-08
SNORD71,-0.924081056857761,8.651832263548311e-10,3.468759161816613e-08
BDNF-AS1,-0.699768328011353,8.82324227337088e-10,3.5230630968726006e-08
LOC100130654,-0.869178405835841,8.868186113075371e-10,3.536204253610027e-08
APOBEC2,-1.68658388994829,8.97853703251406e-10,3.565692517723286e-08
NIN,-0.671998028234975,9.168278608289681e-10,3.631231425073007e-08
LOC100506235,-0.671521489356731,9.28194545625835e-10,3.671303002268107e-08
ASAP3,-0.596965097918988,9.32340070071846e-10,3.6827432767837916e-08
LONRF2,-1.09474213552878,9.80681786175916e-10,3.827393935210866e-08
ITGBL1,-1.1368231698889,9.89130962488441e-10,3.855249433104815e-08
AR,-1.10685086793895,9.97298745558166e-10,3.881935832379256e-08
XLOC_l2_014602,-0.719864790259943,9.98864486942806e-10,3.882887505591955e-08
SMARCA1,-0.705749619849471,1.00586783551503e-09,3.904946360649367e-08
XLOC_l2_013972,-0.719978814998545,1.01666327817823e-09,3.931276370934451e-08
XLOC_008183,-0.659668483154924,1.02510660401051e-09,3.958716541216934e-08
XLOC_008233,-0.776031334449389,1.05427554214097e-09,4.0606880252213406e-08
PAK3,-0.751230828587826,1.06288802139025e-09,4.0885017241644855e-08
PGCP1,-1.86040223236712,1.06744553402372e-09,4.10066527501818e-08
SLC14A2,-1.20129140992529,1.07037815400725e-09,4.106563079629904e-08
LOC400043,-1.17535683911049,1.07830619439166e-09,4.1262060469768365e-08
UBE2QL1,-1.09229687239683,1.0989950989818502e-09,4.193112645577852e-08
PIGZ,-0.706242157506135,1.10292502893415e-09,4.193112645577852e-08
LOC654342,-1.52053443829482,1.1506533796011502e-09,4.346452637495965e-08
CRTC1,-0.520839388119238,1.1633935279225901e-09,4.383308845972959e-08
SLC6A2,-1.04649805419024,1.17063875355838e-09,4.404959243223262e-08
LOC388152,-0.702656970283342,1.2512609293921e-09,4.6644918851576305e-08
SLC9A4,-0.506882203390247,1.2962980283681801e-09,4.810051320414656e-08
IPO11,-1.17174743393832,1.3075408484608e-09,4.845650750891046e-08
BTN1A1,-0.967501444662026,1.3326544906826501e-09,4.920106805550468e-08
LOC100506662,-0.977322786099421,1.34189952516537e-09,4.948022991914667e-08
C11orf67,-0.680482284245691,1.3627387211487101e-09,5.0106660877246696e-08
XLOC_001066,-1.33899475529708,1.3640032905198502e-09,5.0106660877246696e-08
CCL16,-0.692136259167848,1.3954978138749701e-09,5.119961267685096e-08
CADM2,-0.801132128112077,1.4708783877770502e-09,5.349774017325737e-08
XLOC_003160,-1.5723694815708,1.4743002099181702e-09,5.355591417685438e-08
C10orf129,-1.63664790897324,1.5372569222490702e-09,5.549988505043695e-08
CELSR1,-0.757624957576099,1.5679101886647301e-09,5.6332477309554015e-08
LOC100128714,-0.829515243911295,1.5708526785248702e-09,5.6366567175200105e-08
CA11,-0.726631697877925,1.5797906157033502e-09,5.66181544076708e-08
FBP2,-0.899879117816581,1.6061970080005301e-09,5.738671759259269e-08
KLHDC8A,-1.43113317663783,1.64025322932542e-09,5.8357909460367866e-08
ZDHHC2,-0.715791499346986,1.6422346237826402e-09,5.8357909460367866e-08
RBPMS2,-1.55048191571328,1.7033329104505902e-09,6.004898309051249e-08
C17orf108,-0.569433695965585,1.7041258982403502e-09,6.004898309051249e-08
LOC389493,-1.17902327788415,1.70986486003459e-09,6.017905210382819e-08
C5orf38,-1.12423330914024,1.73059351861425e-09,6.083574440793729e-08
SNORA74B,-0.89376932067576,1.75116867844548e-09,6.133890956156825e-08
XLOC_012145,-1.08031460654493,1.7667603874887e-09,6.181137412799752e-08
C10orf11,-0.974368736502539,1.78293547965313e-09,6.208720105329709e-08
RPP30,-0.58983865238786,1.8308918219414e-09,6.360076697779416e-08
LRCH3,-1.21343013120615,1.9076353412508503e-09,6.587730600314923e-08
LOC100505730,-0.678999927792945,1.9113609124453502e-09,6.592849119124878e-08
RGL3,-1.04282220091715,1.9225411862990603e-09,6.61588294882398e-08
TMED6,-2.0376043514327,1.9496905201292904e-09,6.693633762331727e-08
NTN4,-0.653805159730425,1.9860537147130704e-09,6.802581185080152e-08
TCEAL4,-0.599010096951431,2.01136442366776e-09,6.857305995678437e-08
PEBP4,-1.32115933234901,2.0925227168685103e-09,7.109255214258009e-08
VPS37D,-0.711600809644724,2.21693033892108e-09,7.480040045948645e-08
BEX4,-0.769782311714152,2.25465688795313e-09,7.589903393260777e-08
MAN2A2,-0.557068681507014,2.28925008135869e-09,7.688740730396479e-08
GGT7,-0.894648010681037,2.33859006568033e-09,7.818712724711439e-08
A4GALT,-0.584066950179506,2.3673579844353702e-09,7.90589959620303e-08
XLOC_l2_011365,-0.855623835360011,2.37623140476984e-09,7.926525371552333e-08
PRKAA2,-1.09153841046764,2.4061485020499603e-09,7.999082825593238e-08
IL33,-1.20385209149765,2.41964598952571e-09,8.034865123184358e-08
PBXIP1,-0.81030808240078,2.43659212780131e-09,8.072893963001679e-08
LINGO4,-1.26377910577992,2.43974091790791e-09,8.074223659400638e-08
ND2,-0.742004215677511,2.4430768429069e-09,8.076168983053764e-08
LOC100507547,-0.604242756289302,2.4745869021252504e-09,8.161970805797628e-08
EPHB6,-1.1605362603671,2.52732751247126e-09,8.31725654384159e-08
FSD2,-1.63085666308256,2.5425112514685704e-09,8.348527447838922e-08
PPP1R3C,-0.909238053318266,2.5513206014210504e-09,8.368103776178776e-08
MAGEH1,-0.78925490118588,2.5723401105326304e-09,8.427640041062759e-08
XLOC_009343,-1.46134014040177,2.59566968923372e-09,8.494603655590264e-08
MST1P9,-1.16566074068519,2.61057374600779e-09,8.524525230048397e-08
FAM155B,-1.20555165457332,2.6500238821475303e-09,8.634024595183107e-08
KCNJ15,-1.52166850623806,2.6992616803199e-09,8.774989188190401e-08
ULK1,-0.537008607555557,2.8305844337186e-09,9.151288816075052e-08
ARHGAP24,-0.746228914656307,2.9929960949418504e-09,9.623432082948697e-08
SIRT4,-0.598134211148065,3.0189654006816503e-09,9.685737466728422e-08
DUOX1,-1.26274318742904,3.24491113075733e-09,1.0365374816380046e-07
ND5,-0.765640808812092,3.2737329670391205e-09,1.0412171475686762e-07
XLOC_005201,-0.827851756233094,3.3315606002779805e-09,1.0565546554360234e-07
XLOC_000572,-1.18097142682245,3.345356783155e-09,1.0594110468034389e-07
XLOC_013005,-1.60210082222528,3.3835002990158902e-09,1.0703369944830891e-07
CNIH3,-1.38920153564966,3.44184101270701e-09,1.0852878077407039e-07
ASB9,-1.14662810244223,3.46708613504895e-09,1.0920763916057722e-07
LOC728723,-0.852839767177378,3.5511157731759802e-09,1.1137693739818111e-07
TTC18,-0.667190270562078,3.5840973679974703e-09,1.1217194190703904e-07
HYMAI,-1.33717484495244,3.6207135234991704e-09,1.1319737130701449e-07
GNRH2,-1.228493141461,3.85788968909333e-09,1.1959458036189323e-07
RBPJL,-1.00037850928085,3.9477101800467e-09,1.2161716595093127e-07
XLOC_l2_006574,-0.984817995732497,4.12373720160798e-09,1.267660971557064e-07
ALDH1A1,-0.728157819582153,4.36055444407968e-09,1.333485681608883e-07
FAM167A,-1.08832716967161,4.43945914993378e-09,1.356204007258357e-07
TMCO5A,-1.17083464294874,4.56543862908594e-09,1.391699914323636e-07
C19orf53,-0.93467257955475,4.5897284741847705e-09,1.3948597766219445e-07
SEZ6L2,-0.661031080072954,4.76082158969588e-09,1.439413836193236e-07
ORM2,-1.60012672101726,5.043894053582831e-09,1.5187495742488957e-07
TP73-AS1,-0.864616964935327,5.118978790291e-09,1.5369593322310535e-07
GNMT,-1.42624428315379,5.1568340108248704e-09,1.5464187541849112e-07
CCDC28A,-0.521841491149925,5.18982166378872e-09,1.5515613332189512e-07
DIRAS1,-0.984306170720636,5.7460847196991106e-09,1.695441141993147e-07
PAR-SN,-0.921645678573665,5.7619063594445105e-09,1.6984042536745766e-07
LDHB,-0.871908258955179,5.89854944889114e-09,1.7265594741435542e-07
NEDD4L,-0.699018896917295,5.94633417768995e-09,1.7388146150642014e-07
Q6ILE4,-0.841980931361567,5.96264537794994e-09,1.7418511169701079e-07
PPP3CC,-0.757136532883653,5.99918720580389e-09,1.7473152983564392e-07
CD3E,-1.13337722717307,6.30302253872178e-09,1.821368990835356e-07
ULK2,-0.586865867773099,6.41689864535641e-09,1.85063608822114e-07
ALB,-2.14510114485009,6.5270747092782e-09,1.875050552847192e-07
INA,-0.972877335595697,6.5710400296814e-09,1.88583715226833e-07
CAPS2,-0.575776610269933,6.67030015295722e-09,1.9105924063850565e-07
CCBE1,-0.753561618337071,6.948799227476871e-09,1.9771431881568318e-07
ITM2A,-0.881511954322542,6.956465416340561e-09,1.9771431881568318e-07
AKR7L,-0.530016889128751,6.987770014645691e-09,1.9841215960425852e-07
SPRR2G,-0.833039791182651,7.085478677550171e-09,2.0021927632292734e-07
ND3,-0.517290025252105,7.145745663936661e-09,2.0153471551993337e-07
PNPLA4,-0.657515321633492,7.291127621769731e-09,2.0484862193935836e-07
DICER1-AS,-0.676614260226748,7.42670446154782e-09,2.084584438547921e-07
LOC100507554,-1.46423278305107,7.460411275400731e-09,2.090053065409692e-07
MT1X,-1.0356670078851,7.541217468320421e-09,2.1066663399144538e-07
WDR86,-1.69182298110057,7.61683617496994e-09,2.1192566939224786e-07
SLC29A1,-0.82517339358295,7.625229348047481e-09,2.1192566939224786e-07
XLOC_000712,-0.97980787197433,7.669778575899261e-09,2.1284178733572002e-07
OR3A3,-1.65516993255399,7.9173063015433e-09,2.1909020488677447e-07
TGFB1I1,-1.01185146722657,7.98472701232793e-09,2.2074803145653172e-07
APOA5,-1.29408538399301,8.16836362568442e-09,2.2561265999211818e-07
DAAM2,-0.748766389424091,8.267767334571451e-09,2.2766126991123522e-07
LOC100128348,-0.915394378772436,8.322292662286671e-09,2.281092310002791e-07
COL6A5,-1.2396677590209,8.403579986483161e-09,2.2994823895974596e-07
XLOC_010411,-1.41431215753179,8.42823041269321e-09,2.304082189471889e-07
FAM174B,-0.65980011503649,8.5074846426761e-09,2.3192760545358554e-07
PHYHD1,-1.03963339574481,8.667337468070551e-09,2.3541193485365742e-07
TMEM151A,-0.897149956968375,8.6842430060003e-09,2.356533088276425e-07
SYN2,-1.09049774039905,8.817783114841981e-09,2.3905628245293005e-07
LDOC1,-0.923847721666095,8.879124918746521e-09,2.404974406563343e-07
XLOC_l2_015894,-0.866254206765323,8.90844283572143e-09,2.4106935364289267e-07
XLOC_009075,-1.06231397434417,9.054149160489811e-09,2.438290561306198e-07
LOC100131089,-0.651649164320613,9.059403091834011e-09,2.438290561306198e-07
LOC648691,-0.834680756544218,9.185963210046941e-09,2.4653615234416394e-07
XLOC_l2_000356,-1.36414238405196,9.33216175297825e-09,2.5000325396219214e-07
EMID2,-1.08465904138781,9.400334349942911e-09,2.5091464657231817e-07
ZNF579,-0.517836388615308,9.70717208522153e-09,2.586349712062469e-07
XLOC_001263,-1.18489235474296,9.791738520285971e-09,2.601804806818844e-07
C8orf46,-0.788560872320226,9.89279250992375e-09,2.626281718894663e-07
XLOC_009945,-1.01104394263599,1.01946512956264e-08,2.7015366300799696e-07
XLOC_006830,-0.667298479018983,1.02886402730717e-08,2.7239870301354155e-07
GPC3,-1.03851703631388,1.03519254950367e-08,2.738275305563803e-07
ECI2,-0.792269873830418,1.05739125012629e-08,2.781970819938354e-07
FAM149A,-0.661014586335977,1.068674837215e-08,2.8091427653018264e-07
ZFYVE27,-0.673015882721415,1.11598357190233e-08,2.9074933697753257e-07
DPT,-1.22681787497447,1.12130825736182e-08,2.9187783053453645e-07
LOC644662,-0.588547210072177,1.14111296638056e-08,2.9624582911653615e-07
WNT6,-1.00044758947734,1.20274746981222e-08,3.1060055046433676e-07
CMTM4,-0.509494092253767,1.23985144404541e-08,3.1878175186007445e-07
XLOC_013965,-0.830807629295963,1.24816815252499e-08,3.206395600210175e-07
MT1B,-0.944112447052238,1.2629240321625e-08,3.24146824953638e-07
WWTR1-AS1,-0.629839854388385,1.26931836708808e-08,3.2517163198225994e-07
CERS4,-0.91783611421872,1.27388390899434e-08,3.258215867495706e-07
CCNJL,-1.03639917931786,1.33489732098125e-08,3.402279436311959e-07
BEND5,-0.887514533983497,1.33863536551165e-08,3.406044685857694e-07
LOC284244,-1.07980451076888,1.35666848155133e-08,3.4459613946266626e-07
LOC100131607,-0.502727969264031,1.43064206498615e-08,3.612002491908331e-07
MT1M,-1.12062745806809,1.4432551159311e-08,3.640719428925594e-07
LOC100506059,-1.12648970966404,1.45342729544856e-08,3.663235107945307e-07
CLDN25,-0.761111864757282,1.46484070630108e-08,3.685679681230834e-07
DMRTC1,-0.937369736648368,1.46925853070589e-08,3.6936329940448843e-07
LOC100507069,-1.27121074003066,1.50025465557467e-08,3.7586942726366926e-07
LOC100129840,-1.21721419728204,1.54633167437588e-08,3.8544185959761124e-07
LOC100128893,-1.15789415496048,1.56593907006869e-08,3.893385566089565e-07
PCDHA7,-1.60053803680695,1.57548102191017e-08,3.910492928369601e-07
NPR3,-0.717242929053082,1.58673663836734e-08,3.926455585383138e-07
SERPINI1,-1.0850922701739,1.58859251770129e-08,3.926455585383138e-07
C11orf92,-0.958319384980464,1.60243947134385e-08,3.95402948646961e-07
NUPR1,-1.06702111906965,1.61410683902172e-08,3.976141809318551e-07
CYP7B1,-0.998552049704868,1.64259323747585e-08,4.026583062656273e-07
XLOC_010065,-1.04751145039912,1.64268547150046e-08,4.026583062656273e-07
SLC4A2,-0.830675167725959,1.7016523307252e-08,4.1535015527701143e-07
SORBS2,-0.585157138280405,1.74239881797031e-08,4.242387445112797e-07
RGNEF,-0.661450704340462,1.76151045618728e-08,4.278286717886924e-07
XLOC_l2_006789,-0.87337669166438,1.77836390741271e-08,4.3156530562382093e-07
XLOC_010769,-1.24509456399879,1.78661410792253e-08,4.3320969804973027e-07
XLOC_013684,-0.515405228961821,1.79269378725213e-08,4.343255154143907e-07
APOH,-1.66240178949335,1.85863211512129e-08,4.4845222166818123e-07
CITED4,-0.681028531251132,1.93828168844198e-08,4.634843145641408e-07
SGK1,-0.835968492726268,2.14606677037332e-08,5.098513358749485e-07
ERP27,-1.45767400063265,2.21186029495947e-08,5.242108899053945e-07
TBC1D4,-0.619011398285489,2.21827120865079e-08,5.25306642061478e-07
EFS,-0.715696375006493,2.24720351111116e-08,5.313018244934414e-07
KIAA1324,-0.543187318693303,2.29368446906395e-08,5.405517175368995e-07
C13orf15,-0.879311247720861,2.36833459312174e-08,5.543946577916307e-07
LOC393078,-1.29240962988707,2.37534254845694e-08,5.549011670433431e-07
LOC100507186,-0.869383858516744,2.40794526658118e-08,5.611791871077534e-07
XLOC_012083,-1.23110677661435,2.42546859320375e-08,5.643679415445115e-07
EVL,-0.693968868014347,2.52136957387762e-08,5.821725109800058e-07
TBL1X,-0.561990073586941,2.5474655253067e-08,5.867156493551199e-07
GPR97,-0.806032709145946,2.5589880229637e-08,5.889079093097667e-07
XLOC_l2_000920,-0.641464293185173,2.60558166624077e-08,5.977582670373438e-07
RAB17,-0.600641590790746,2.61242882215282e-08,5.988616086226761e-07
LOC100144602,-1.14831278441788,2.67635149382472e-08,6.111314506644979e-07
PSPN,-1.02107641758722,2.74989671286135e-08,6.259795863483296e-07
PADI3,-1.30005549219892,2.85876662442218e-08,6.487523826912667e-07
LIPF,-2.8847978578743,2.86318539107333e-08,6.492537984017208e-07
PTGDR2,-0.959862953790027,2.92795653474036e-08,6.618983587919208e-07
KRTAP5-7,-1.24362500059625,2.96976487430324e-08,6.692902617026351e-07
CBS,-1.17478579821489,3.00565728951718e-08,6.747918748993956e-07
RGS7,-1.04991472636204,3.10629359154065e-08,6.942051487762343e-07
KL,-0.906105403706468,3.10866331764504e-08,6.942051487762343e-07
PRKD1,-0.726066114595138,3.16051142383731e-08,7.041782389972013e-07
XLOC_008945,-1.74185463157984,3.18551600415108e-08,7.086748246025128e-07
HTR1E,-1.13746845159709,3.39555074604976e-08,7.491625024392669e-07
LAMB2,-0.554606849965398,3.41655125641512e-08,7.532303700189613e-07
ZCRB1,-0.507277791177352,3.55459038091917e-08,7.819034589405133e-07
RERGL,-1.10647366199534,3.56291482729912e-08,7.831483989877827e-07
MT1L,-0.922899759965395,3.70291970830966e-08,8.08479973163479e-07
SLC9A7P1,-0.679638646737525,3.74498429803164e-08,8.164510278230996e-07
PLA2G1B,-1.59042308095322,3.78254628522544e-08,8.240286896234635e-07
GATA6,-0.534041157861887,3.79848215505742e-08,8.26887359798722e-07
XLOC_007860,-0.649407736824609,3.85225396179863e-08,8.361155053865446e-07
ORM1,-1.53815818305629,3.88415732085323e-08,8.415002833334593e-07
ENPP4,-0.568299373509632,3.98377245159765e-08,8.608463588790568e-07
SFTPD,-0.679501803207784,4.03257515067016e-08,8.70112470836231e-07
LOC100505695,-0.720607038102479,4.05659524830903e-08,8.74011885317491e-07
BEX1,-1.43482808588568,4.09781556470688e-08,8.810888713484359e-07
TRIB2,-0.549017079957395,4.09843639285869e-08,8.810888713484359e-07
GNAI1,-0.819272790505284,4.36875667789953e-08,9.306116927844802e-07
SULT2A1,-2.24207018733892,4.39057592411848e-08,9.343247303258066e-07
XLOC_010806,-0.740896612181696,4.41194564888056e-08,9.381928996331541e-07
XLOC_008701,-1.09798668951824,4.45995083808584e-08,9.470306013704239e-07
ATP8,-0.602007811219348,4.51039899308998e-08,9.570513040355835e-07
ACAT1,-0.742489953490517,4.8183993934963e-08,1.0143490069919002e-06
CACNA2D2,-0.909909194778619,5.10857482171025e-08,1.0662698640654888e-06
TSC22D3,-0.592189458205366,5.2344374609333e-08,1.0863675713411568e-06
ST3GAL6,-0.791553181556541,5.28991004416702e-08,1.09633199138209e-06
SLC22A10,-0.992190318166817,5.40161354512385e-08,1.1155489730435678e-06
ABCA2,-0.502501075403072,5.42276203566447e-08,1.1191301313490692e-06
XLOC_014403,-1.23742157850439,5.52661694580728e-08,1.1357777538698205e-06
XLOC_013925,-1.37442321170529,5.7518944610398e-08,1.1763164538694337e-06
CSRNP3,-0.538558991434491,5.85125679159243e-08,1.1916613623791984e-06
GPR133,-0.74845595870692,5.90799398987484e-08,1.2014312081527581e-06
XLOC_l2_006138,-1.1423514489679,5.96850562549353e-08,1.2096720229103715e-06
LOC202181,-0.620909551355023,6.00442530553384e-08,1.2144394417001274e-06
TMTC4,-0.523077248445885,6.19475776951762e-08,1.246074889326378e-06
CAPN13,-0.693938037711506,6.49723445540034e-08,1.29980072277267e-06
MT1G,-1.20672582363862,6.73249713186839e-08,1.342297325043068e-06
CELA2A,-1.74061961287368,6.84484963290013e-08,1.362848516339221e-06
SNORD22,-0.779500841000706,6.9911509321071e-08,1.3863423994113596e-06
KIRREL2,-0.721810876593761,7.10889795459239e-08,1.407791732409442e-06
XLOC_012786,-1.07181224620674,7.22804985033052e-08,1.4275398454402779e-06
JMJD5,-0.84482537802151,7.36924220134204e-08,1.4515233901678274e-06
LOC100505821,-0.59298307751888,7.454927719507e-08,1.4644747046849712e-06
ZNF415,-0.87648221157962,7.50910424587313e-08,1.4721651472829856e-06
TAC4,-1.15385663667113,7.67818471648885e-08,1.4983166829228041e-06
ACSM2B,-1.29544174651259,7.88219692184255e-08,1.5310112567026363e-06
LOC286161,-0.528951951915264,7.9934437363084e-08,1.547505431637887e-06
SIDT2,-0.634832699849076,8.06432542282433e-08,1.5591736547760617e-06
RNF208,-0.514295790109504,8.24649160941216e-08,1.5933457949862233e-06
LOC255167,-1.06731990708781,8.28959947269004e-08,1.599571564697406e-06
TUBA8,-0.651219924631749,8.44957900721022e-08,1.625868885346158e-06
SLC9A7,-0.640793293942295,8.45354449710402e-08,1.625868885346158e-06
NACAD,-0.640672152791604,8.62536141424052e-08,1.6556637572939283e-06
CACHD1,-0.51811966666981,8.65610175311324e-08,1.660479884598511e-06
BCL2L11,-0.661137080499993,9.18740267355965e-08,1.7458388919026036e-06
SNORA54,-0.66640098454198,9.40160810323577e-08,1.7735023485332334e-06
NRIP3,-0.986377258130748,9.46448833054028e-08,1.78410765271275e-06
LOC100132790,-0.945034487278905,9.47396806610351e-08,1.7847498302990384e-06
XLOC_007275,-0.977217285893501,9.6241677833151e-08,1.8107237056086055e-06
XLOC_002073,-1.22713077806357,9.76034688371052e-08,1.8281521620043644e-06
COLEC12,-0.807581109776374,9.89251318868012e-08,1.8517272457893716e-06
EFEMP1,-0.920686629060622,9.90202350289087e-08,1.8523276047291973e-06
C16orf89,-1.44760325377477,9.98586053039662e-08,1.865635532532078e-06
GREM2,-1.77598751202844,1.01285835588693e-07,1.888698056015552e-06
XLOC_004283,-1.10067312990314,1.01988286603651e-07,1.8993864174322533e-06
XLOC_007374,-1.33156412110531,1.03907747681134e-07,1.929021407993156e-06
XLOC_004774,-0.532930596848554,1.04524094052031e-07,1.9392386843441204e-06
TBKBP1,-0.848162916639303,1.05660363527498e-07,1.9553820927872237e-06
LOC100505853,-1.30174849966279,1.08074145116362e-07,1.995026995401788e-06
FBXO15,-0.621243891915362,1.0996760912118e-07,2.022358008043328e-06
LOC338799,-0.67228669453594,1.10578743790524e-07,2.0310550765724494e-06
NIP7,-0.757013723199414,1.11494248658611e-07,2.0427637029795885e-06
STOX2,-0.644159092025833,1.13097031581017e-07,2.0669748532978405e-06
C5orf13,-0.56387602082744,1.15955994740032e-07,2.1139669810298143e-06
KITLG,-0.503832033880331,1.18721663920088e-07,2.1563610996808072e-06
XLOC_010807,-0.823884402496858,1.20602160405282e-07,2.1891638604017464e-06
SLC22A12,-0.834010514736038,1.21302675971294e-07,2.1997188032930565e-06
XLOC_000083,-0.868350209918479,1.2496208331069e-07,2.2529973646224282e-06
KLF12,-0.673525852791172,1.252594238264e-07,2.2569736035623806e-06
NRAP,-1.1788684716518,1.28455910954254e-07,2.3060857123540726e-06
XLOC_l2_003401,-1.36899079153579,1.28577656360079e-07,2.3068621276617837e-06
DMKN,-0.698623542498828,1.29379269583525e-07,2.3170005938577898e-06
LOC100505894,-1.1120206001473,1.29850469007343e-07,2.3240228886649185e-06
LOC100130093,-0.707670290166062,1.32373489603244e-07,2.365693371225631e-06
XLOC_l2_001771,-0.858999517799361,1.32420225795092e-07,2.365693371225631e-06
GALT,-0.551221372157237,1.37809994549349e-07,2.4456280916764908e-06
MYCL1,-0.723234612380744,1.38744122325223e-07,2.460719533430086e-06
C20orf194,-0.547135634662239,1.46485703632606e-07,2.583914056378207e-06
LOH12CR2,-0.523232605654417,1.46569509050717e-07,2.583914056378207e-06
LOC100287865,-1.09299421552949,1.48978980342103e-07,2.623244022944112e-06
CUX2,-0.697698424719591,1.50983831493837e-07,2.6537756219742114e-06
XLOC_000762,-0.597230042710683,1.51682300380166e-07,2.6644587229960066e-06
XLOC_003603,-0.520133334476313,1.52515987416787e-07,2.6759043810176337e-06
GFRA3,-0.787550614739136,1.5533845037094e-07,2.7108588951907275e-06
SNORA34,-0.552484292023617,1.59077424693475e-07,2.771172114340156e-06
OR4D11,-1.12836920222812,1.71506413345347e-07,2.973587301116848e-06
XLOC_008102,-1.29622999359566,1.7200709538169e-07,2.9805097400218783e-06
PDIA2,-1.52678508624115,1.80726748382313e-07,3.1132460032001257e-06
MT3,-0.571798321605556,1.84996056719201e-07,3.183058615259882e-06
PLIN4,-1.16882640281529,1.88448452911348e-07,3.2311103466503467e-06
BVES,-1.12594044106698,1.89439189123849e-07,3.246203434385816e-06
KU-MEL-3,-0.863374105309365,1.89653868539578e-07,3.247988280093892e-06
PTP4A3,-0.823492869981103,1.90326659639635e-07,3.257612040471516e-06
LOC283075,-0.999981311671042,1.94220190806494e-07,3.318455213617003e-06
C1QTNF3,-0.876115711821788,1.99919949325169e-07,3.4019962193214047e-06
OPN4,-1.07452490573468,2.00860507032666e-07,3.413756703127224e-06
WDR90,-0.705903033614383,2.01654467105022e-07,3.4235825992388135e-06
ZNF793,-0.774470692702178,2.04162233704625e-07,3.4561749562854372e-06
LOC100507495,-0.625949836646506,2.05477715730813e-07,3.4724434214474594e-06
TSHZ2,-1.02383173675027,2.0848854681507e-07,3.5152389063690634e-06
WTIP,-0.612003806323562,2.10167065977353e-07,3.5354262936133082e-06
XLOC_003719,-0.702866822348241,2.11322561982829e-07,3.5487699723150735e-06
NDST3,-0.609901327901241,2.18524779810546e-07,3.657515103950748e-06
FLRT3,-0.639001682166245,2.20396442168562e-07,3.6864033252417183e-06
COL4A4,-0.809213634702706,2.20878486786744e-07,3.6906876159335414e-06
ITIH4,-0.621410961939048,2.21547242983539e-07,3.699066378348472e-06
KIT,-0.865634981804473,2.24521557202162e-07,3.7404985958373794e-06
TCTN2,-1.22098604821485,2.26516213481354e-07,3.7618951006734623e-06
LOC200261,-1.03394997376608,2.34349308775348e-07,3.8756654396679385e-06
LOC727869,-0.553550089517767,2.35412175369331e-07,3.888866222458628e-06
FIGNL2,-0.637948199142389,2.42865296575354e-07,4.005233072815097e-06
HS6ST3,-0.558515872998743,2.44536432748575e-07,4.026014949924438e-06
PLA2G6,-0.508543621617409,2.45006923129288e-07,4.0292464784127114e-06
RCAN2,-0.62305608253192,2.66512048141139e-07,4.3512533726509965e-06
LOC100129794,-0.717057868264809,2.70019301119792e-07,4.391437311183424e-06
LOC100507305,-0.926945148036875,2.73710610655497e-07,4.439187321161007e-06
SBK2,-1.18616987035823,2.86888669944493e-07,4.627378832233129e-06
NNT,-0.504539427147678,2.93756829083343e-07,4.727779678587779e-06
CXorf57,-0.824537416305207,2.94186756544732e-07,4.7321074993632104e-06
PPARGC1A,-0.920003080351107,2.96050449381496e-07,4.755929360030575e-06
SNORA70F,-0.581420880658167,3.05874578960661e-07,4.88688016830029e-06
RAB7B,-0.681243004359043,3.07165663761038e-07,4.899698110802167e-06
PRR21,-1.06908356284801,3.0930265403564e-07,4.926713494200211e-06
BMPER,-0.527905662038263,3.24355157048767e-07,5.122057686915188e-06
OTUD6A,-0.854971936049166,3.25413076705374e-07,5.1332471810078e-06
LOC100507673,-0.898961059888927,3.25904813558328e-07,5.135490970966296e-06
NGFRAP1,-0.714057989568502,3.29533248218759e-07,5.184327140606472e-06
CSMD3,-0.920430611171781,3.31107171375695e-07,5.203517407694612e-06
MT1E,-0.730737925352145,3.50196325637763e-07,5.485911310150628e-06
C11orf9,-0.542465968669907,3.52860764538507e-07,5.5240951427038324e-06
SCARNA13,-0.641537147252343,3.53024734564447e-07,5.5240951427038324e-06
STK32B,-0.899910836280645,3.53197726049425e-07,5.5240951427038324e-06
SCGB3A2,-0.928176387673569,3.60338070223325e-07,5.620814866095051e-06
LHFPL5,-0.938873748144605,3.61042452824369e-07,5.628814643820984e-06
LOC100507417,-1.27671506506055,3.64632673053463e-07,5.672750130066263e-06
RORC,-0.535592668861174,3.65809798354584e-07,5.683797217749284e-06
C8orf71,-0.679767080746316,3.67433152983307e-07,5.70122782464278e-06
SCARNA16,-0.78804818114923,3.68446417132914e-07,5.7139331433784044e-06
LOC100192426,-0.862343844561436,3.6882408061772e-07,5.71677324957466e-06
PRSS23,-0.639085991779224,3.70231213413404e-07,5.732536828131252e-06
LOC653061,-0.66641622777001,3.80481651276301e-07,5.866524012438581e-06
SORBS1,-0.62618744853165,3.81234084473935e-07,5.875043143429472e-06
C22orf45,-0.67178516490187,3.82172202131981e-07,5.8864133523347265e-06
MUC21,-1.21151757448101,3.83319103613335e-07,5.8992668987067766e-06
FOXA1,-0.525201214708521,3.87044995973463e-07,5.943975586696476e-06
XLOC_005542,-0.821820981075467,3.87122950623964e-07,5.943975586696476e-06
SNORD116-4,-0.675367384233105,3.92795670742758e-07,6.02163754396879e-06
ADM,-0.776529728693653,4.01638607707637e-07,6.137990329335432e-06
SNORA42,-0.664653074521904,4.10480566073584e-07,6.2568479646112485e-06
XLOC_006315,-1.12206655054626,4.1727097089263e-07,6.343900306566275e-06
FAM127C,-0.736942850671855,4.23606538848526e-07,6.423606276408918e-06
ADA,-1.15826585259506,4.25604838858643e-07,6.447255156895773e-06
SCPEP1,-0.553511253707763,4.2768518383569e-07,6.472096901422893e-06
XLOC_006522,-0.893946856632303,4.33630552052821e-07,6.541855576862579e-06
NECAB3,-0.529462647731372,4.43375371993104e-07,6.664918379607847e-06
OR12D2,-1.24355255428449,4.46385113459472e-07,6.706730937805196e-06
SCTR,-1.00295636866714,4.51113343419564e-07,6.767390983366078e-06
SATB1,-0.636396343271381,4.53376295228643e-07,6.794402123497889e-06
ZNF595,-0.587630487577595,4.6055345478125e-07,6.887910905400191e-06
XLOC_l2_008008,-0.563711718656965,4.76918936600775e-07,7.096553776619532e-06
ALDH1L2,-0.637188105282779,4.81353190144229e-07,7.155289606453516e-06
LOC100289134,-1.10003144948629,4.84347197013161e-07,7.18888657869837e-06
C4orf39,-0.716508922936681,4.85649721156264e-07,7.2045805175872225e-06
RFESD,-0.573260573744,4.87174291321949e-07,7.223550995645528e-06
SCNN1B,-1.60171753898523,4.88230650517612e-07,7.235563468185367e-06
XLOC_003062,-1.08358731688321,5.10467061535857e-07,7.523373121572601e-06
XLOC_l2_011426,-0.64035073267185,5.14576853937459e-07,7.5763449817204636e-06
ADCY1,-0.891765132381062,5.2010535716308e-07,7.646251243776185e-06
MITF,-0.575126629430015,5.32180392242649e-07,7.800357789140632e-06
ZNF157,-0.870329652589946,5.32662037423092e-07,7.803525401689845e-06
TMEM121,-0.557678815678933,5.52212801088565e-07,8.05781022760216e-06
WDPCP,-0.546983663380911,5.5436424735222e-07,8.085189330613917e-06
SLC26A9,-1.66460190745411,5.55447302336959e-07,8.09696692513817e-06
NEBL,-0.852803378699128,5.62938290104246e-07,8.185863666295686e-06
LINC00087,-0.684961718107349,5.66347550499159e-07,8.231365882329025e-06
FMOD,-0.828039033556731,5.81630102543925e-07,8.428474089527055e-06
GPIHBP1,-0.627877671749464,5.82143718410148e-07,8.431759288633528e-06
SARDH,-0.733720491614247,5.9765530321932e-07,8.630906167572176e-06
PGC,-1.65229130142955,6.00242170846103e-07,8.664006344216736e-06
FGL1,-0.985314658688518,6.1095104489873e-07,8.796976632770151e-06
Q8WY88,-0.540361143191922,6.12606738633155e-07,8.812181514905118e-06
LOC553137,-0.58593311900151,6.17367655892021e-07,8.858984702809919e-06
PNPLA1,-0.647075791603549,6.18045183981842e-07,8.864378656348644e-06
NT5M,-0.545639949395635,6.23927789756966e-07,8.944385309940349e-06
ZNRF3,-0.651744586670275,6.37944630907807e-07,9.127515488373239e-06
BEX5,-0.688430629587442,6.53687490718132e-07,9.316473315821756e-06
KCNQ1,-0.619770746944364,6.58631091404381e-07,9.382380278328623e-06
XLOC_007928,-1.05075880512869,6.78917650303786e-07,9.634008646609205e-06
LOC93444,-0.970245847510346,7.07727684181658e-07,9.994570486655726e-06
FLJ46875,-0.658659182771498,7.17105737213535e-07,1.011242965702081e-05
XLOC_009868,-0.51693030842272,7.19953143296377e-07,1.0142848981396898e-05
IRX3,-1.02628169007661,7.22033526999458e-07,1.0158980974447427e-05
C16orf47,-0.565255351031126,8.01430068132529e-07,1.1156999925286007e-05
SERPIND1,-0.720169753438478,8.03352024843207e-07,1.117846084568758e-05
XLOC_l2_000080,-0.746200334160757,8.10346220548009e-07,1.1254468208631799e-05
XLOC_010271,-0.806435582137788,8.19502876931366e-07,1.136281966201139e-05
PNPLA7,-0.611680312248592,8.32203333608807e-07,1.1509078384986174e-05
GRAMD1A,-0.597613397277716,8.50991694840246e-07,1.1697354503257788e-05
XLOC_005514,-0.744028660352143,8.628057773309e-07,1.183207474764372e-05
XLOC_007437,-0.885775049420877,8.72168727807168e-07,1.1938190299393133e-05
RXFP4,-1.46414469032075,8.77569113473758e-07,1.1995349351984559e-05
XLOC_002243,-1.12455443061241,8.97509553064128e-07,1.2239448141739486e-05
AFM,-0.951019666430425,9.02986248954704e-07,1.2308422951892784e-05
GABRB3,-0.747117447303892,9.11550622100928e-07,1.2396413550348022e-05
SNORA2B,-0.575536757094965,9.33082988580616e-07,1.2665793472705377e-05
EEF1A2,-1.53259428618452,9.4588139626765e-07,1.280993662373903e-05
XLOC_007653,-1.25001493861895,9.53635397014096e-07,1.2891185394411341e-05
FILIP1L,-0.587059662518323,9.57386576712892e-07,1.2928249137995284e-05
LRFN2,-0.813235421561269,9.60398716488133e-07,1.294939346597793e-05
XLOC_003485,-0.610709726203132,9.65180168480373e-07,1.3005371293581479e-05
XLOC_009038,-0.821763262341248,9.77794200148175e-07,1.3121194499522633e-05
CA4,-0.958085905615583,9.82300857090337e-07,1.3163637751103888e-05
ABCC8,-0.935812201811783,1.05311624706995e-06,1.3985079199679933e-05
SP5,-0.798768019806193,1.05968988519745e-06,1.4046985271169446e-05
FAM124B,-0.750992729897373,1.06115341693875e-06,1.4060043560412978e-05
SNORA12,-0.710401594888971,1.06519745435934e-06,1.4107265790316487e-05
PMM1,-0.546640314525174,1.06847183198851e-06,1.4137888427950621e-05
CCDC169,-0.620495261371645,1.07914932291559e-06,1.4265684783721343e-05
XLOC_l2_009136,-0.738339124700528,1.09471909238608e-06,1.4439678943914775e-05
IP6K3,-0.882412257988327,1.13683812089474e-06,1.4935965788218555e-05
LOC100506844,-0.552249117438506,1.13691831591959e-06,1.4935965788218555e-05
LOC728606,-0.924258336463687,1.15280979119605e-06,1.5124452742709607e-05
EGFL8,-0.564608995048559,1.18211003933273e-06,1.5460547323502568e-05
ALOX15B,-0.729849061021309,1.18905837203846e-06,1.554450508784086e-05
DKFZP761C1711,-0.915125321796623,1.20287408337413e-06,1.5711139360977303e-05
ZNF167,-0.548474421457505,1.20988846549914e-06,1.578171425836162e-05
NALCN,-0.622288337783128,1.22818641402247e-06,1.6006182853788184e-05
MRAS,-0.62222285202852,1.24029773108712e-06,1.614054061302711e-05
ANKRD29,-0.677542814120112,1.24232772721151e-06,1.6154658074022946e-05
LOC375190,-0.527882334649094,1.26397705697816e-06,1.6407136815580465e-05
SNX22,-0.809371544274326,1.31516570622425e-06,1.7026471266307604e-05
SNORD107,-0.668948422809501,1.34352719568691e-06,1.7355418561251392e-05
KIAA0895,-0.747705413680436,1.36915807731236e-06,1.7663221060603877e-05
CHST11,-0.624581496001486,1.37077845765466e-06,1.767636564877365e-05
XLOC_006924,-0.757678809089173,1.38746643593887e-06,1.786021183502913e-05
XLOC_006712,-0.859329564967665,1.43013105729983e-06,1.8326197784193832e-05
CNTN3,-0.79954839715788,1.45418647242163e-06,1.8563081624184887e-05
ERC2,-0.671983082426037,1.45725273632902e-06,1.858756224619672e-05
LOC728503,-0.883985696813676,1.49553239059815e-06,1.90098208887969e-05
TF,-1.22746267909589,1.49818915967954e-06,1.903535798731618e-05
XLOC_002997,-0.756322717797548,1.51526545009759e-06,1.922738387196372e-05
XLOC_001365,-0.701268706143224,1.52191596170672e-06,1.9303438188449326e-05
HOXC13,-0.745101067468432,1.56285060603567e-06,1.9762931846031095e-05
PIK3C2G,-0.528733334180334,1.58525366947452e-06,2.0028991762045225e-05
OR10G4,-1.31588765289682,1.5991674771619e-06,2.0152801809105452e-05
ZNF783,-0.699522725370642,1.623971468845e-06,2.0447846412346555e-05
CAPS,-0.554193339436233,1.64461634415428e-06,2.0645871474586064e-05
CHRM2,-0.627923638448772,1.69854247219547e-06,2.1214095271092424e-05
XLOC_011023,-1.08276871967332,1.79309955187958e-06,2.221568702809321e-05
MOGAT1,-0.733359930767557,1.80308509162384e-06,2.2329989326861108e-05
MMP19,-0.587763202087154,1.85332797597004e-06,2.2880836245538783e-05
SYPL2,-0.848084263155728,1.88672446100568e-06,2.3219036206044774e-05
CSRP2,-0.807347187623387,1.90796089461905e-06,2.3411755645538468e-05
LOC100507423,-0.955453609040858,1.91222114455041e-06,2.3444453481872114e-05
XLOC_005176,-0.654706506493917,1.96070228592107e-06,2.3978825958655183e-05
MXI1,-0.516910167900225,2.01227251460441e-06,2.4538035128296432e-05
RNF152,-1.05341065434226,2.01335185840502e-06,2.454101385931428e-05
CNFN,-0.810970013908749,2.03876337146452e-06,2.4789068250144525e-05
CHGA,-0.897275103962251,2.10851672289261e-06,2.5563155714673278e-05
SCNN1G,-1.3506785877989,2.11331678238826e-06,2.5610784990031413e-05
KANK4,-1.08933936207801,2.14186861176646e-06,2.5924726014247416e-05
CFC1,-0.8655194229766,2.16530386781714e-06,2.616527552113902e-05
ProSAPiP1,-0.568233877769679,2.17134549233104e-06,2.6227497463470863e-05
TPM2,-0.846944753673534,2.18140658114792e-06,2.6327382590051366e-05
XLOC_014068,-0.749421502144682,2.19260903742042e-06,2.644086762072684e-05
XLOC_013413,-0.690839398618786,2.20073474685718e-06,2.6527970771385894e-05
LAMB4,-0.518803241939271,2.20516151973747e-06,2.657043326857104e-05
RDH12,-1.27755677753299,2.270228349588e-06,2.7237537605688184e-05
XLOC_010151,-0.719177243044745,2.27063565725051e-06,2.7237537605688184e-05
LINC00319,-0.871433513350532,2.29969951863147e-06,2.7528948860913095e-05
FAM13A,-0.577797710364493,2.33876455950096e-06,2.7962413700005782e-05
SLC10A1,-0.984280215963627,2.34033695846691e-06,2.7969834296635035e-05
WISP2,-1.04804330531698,2.35052726674797e-06,2.804599890994289e-05
ZNF345,-0.510983337341468,2.41809257321073e-06,2.872389027547168e-05
XLOC_002411,-0.860182862779012,2.44104379815491e-06,2.891165624879737e-05
ZBTB10,-0.526883925228865,2.45048132475114e-06,2.8979776729089136e-05
IGDCC3,-0.681904193206013,2.554434493259e-06,2.995599396963108e-05
XLOC_002935,-0.772457283979897,2.58322710053535e-06,3.025742448407049e-05
XLOC_l2_012919,-0.577981976659302,2.60073633737545e-06,3.0438247504097857e-05
FGF20,-0.912582310043732,2.60567204466185e-06,3.0483873426959572e-05
IGFBP5,-0.945707369914322,2.6096664356395e-06,3.051845491865245e-05
C19orf46,-0.568252769075512,2.65827389154388e-06,3.1012843638226105e-05
XLOC_005582,-0.834741813991264,2.67382700265455e-06,3.116954698691468e-05
LOC284408,-0.539268474975623,2.68244685504723e-06,3.125763210790166e-05
XLOC_000010,-0.677482231467481,2.7791862236583e-06,3.226974505763339e-05
LOC100506533,-0.601170240092484,2.88423502737707e-06,3.3357693421706935e-05
XLOC_000063,-0.577613850942544,2.93568192061038e-06,3.3912665205541614e-05
BEAN1,-0.949612757793252,3.00863566120313e-06,3.464646740260093e-05
LOC200772,-0.735624916262645,3.04063795538888e-06,3.497388189157276e-05
XLOC_000757,-0.708193858208702,3.045761935505e-06,3.501911258240256e-05
ZNF577,-0.571646668861277,3.05762088639273e-06,3.514171396531465e-05
TMEM171,-0.601201974162784,3.09165853934016e-06,3.550922512317872e-05
XLOC_l2_013080,-0.818998166546999,3.0920744967879e-06,3.550922512317872e-05
XLOC_003140,-0.921296966914751,3.09432923218837e-06,3.550922512317872e-05
XLOC_002616,-0.720843306029812,3.14547065503503e-06,3.6038632206693744e-05
PP12613,-0.940544381035114,3.15968889480863e-06,3.6165046511948674e-05
TSNARE1,-0.599820849725479,3.18678996735836e-06,3.644100527654766e-05
ODAM,-1.05101800230118,3.25041275732494e-06,3.702446903576176e-05
MT2A,-0.659150251707768,3.30731805799702e-06,3.758525254772483e-05
ADAMTS19,-0.920281166152862,3.31843368650384e-06,3.76590250935925e-05
GLS2,-0.593260845065427,3.46303171378601e-06,3.900788654838761e-05
C17orf107,-0.627743441508313,3.48531420834456e-06,3.91837849865455e-05
FBXO27,-0.806540567725501,3.51734431527597e-06,3.945332623562221e-05
ZNF483,-0.608384227204295,3.53573117500822e-06,3.9599111193270416e-05
KCNJ13,-0.724278185587471,3.54609311950349e-06,3.966980761171243e-05
LOC100287493,-0.783445911069646,3.78203941267112e-06,4.205057416116454e-05
XLOC_002030,-0.883141592285458,3.80202201272759e-06,4.224341130814307e-05
OR6A2,-0.73150150069093,3.81492879282835e-06,4.237079643372621e-05
SLC22A20,-0.579774312863824,3.82418278226859e-06,4.245753064046442e-05
IRX2,-1.68622549394558,3.83844850217556e-06,4.2599820461455946e-05
LOC100507520,-0.722881552676896,3.88949432656161e-06,4.3101228985291326e-05
FRMD1,-0.876097960842123,3.89314222385259e-06,4.3125391509453415e-05
MICALL1,-0.608624342901931,3.934316748557e-06,4.353511917299273e-05
KCNIP4,-0.63239484981122,4.05749269842864e-06,4.4693251657204225e-05
ARMCX2,-0.51076095966449,4.06120780634501e-06,4.4717412893543336e-05
PDZD2,-0.638269085062403,4.13391533385732e-06,4.543287353455457e-05
TOX,-0.626663937705048,4.14493025048542e-06,4.553690100981889e-05
CELA2B,-1.2783346035388,4.1492879624955e-06,4.556774089754027e-05
C2orf74,-0.71705763293749,4.16275785319874e-06,4.569859088151086e-05
NEFL,-0.99632435209804,4.18126557065446e-06,4.588462755429174e-05
PLOD2,-0.721507363450201,4.24530317764008e-06,4.643132481744945e-05
TKTL1,-0.963415066620765,4.25263813855779e-06,4.6489547708896e-05
LOC100505683,-0.663591385497214,4.33028393602929e-06,4.720266480416497e-05
LOC100506966,-0.567460034189619,4.39275184834061e-06,4.7777272878991064e-05
CYP4F22,-1.12055333040625,4.41711881740415e-06,4.8006763241817e-05
IDH2,-0.715335335412257,4.60723845609807e-06,4.9940847130931476e-05
ANKRD65,-0.801328495678176,4.60866943715415e-06,4.9940847130931476e-05
PTK7,-0.843302610480113,4.66273271836926e-06,5.04708615570666e-05
VWA5B1,-0.584366698079043,4.80320960916553e-06,5.188324268793769e-05
ZNF512B,-0.534577210387227,4.8039694339254e-06,5.188324268793769e-05
XLOC_009723,-0.553046852841126,4.81532464986474e-06,5.195035272034691e-05
ST8SIA5,-0.942587556944793,4.85060968408319e-06,5.22926329405124e-05
TTLL7,-0.529650728794418,4.87100114105152e-06,5.2493209216436405e-05
ADSSL1,-0.51098375720343,4.87353408784178e-06,5.249510567819682e-05
SAMD13,-0.515243498607559,4.88016103614642e-06,5.2514892907459165e-05
ASNS,-0.604280553991403,4.91787258581473e-06,5.2843305137814723e-05
GFRA4,-1.09849963337172,4.92481687779751e-06,5.2859940980538074e-05
NES,-0.536330192962484,4.93347599042417e-06,5.2914230805323186e-05
XLOC_001641,-0.808368441322329,5.03214680884141e-06,5.387421873159612e-05
XLOC_001656,-0.830758947246588,5.14393190183467e-06,5.4791544302688395e-05
EFEMP2,-0.554825085111521,5.25991356286134e-06,5.578431605390439e-05
SOX2,-0.681011760049387,5.2916158570283e-06,5.6059843837904716e-05
SNORD89,-0.606900161257359,5.31159714664836e-06,5.6251249349802525e-05
RORA,-0.50903215200818,5.39962577670202e-06,5.7121743097811004e-05
RET,-0.86842797956889,5.45568182339005e-06,5.76524909837421e-05
SIX4,-0.808223873413098,5.50801363729169e-06,5.8118762033727896e-05
PRKACB,-0.68394178046657,5.83812884257292e-06,6.101384439030334e-05
FFAR3,-0.751374236472173,5.86652917385191e-06,6.125416390328945e-05
FLJ37638,-0.681901623373917,5.90732187195982e-06,6.158813317457524e-05
SLC35F3,-0.993991714041549,5.92273079838317e-06,6.172241585208674e-05
TMEM178,-0.620160284997019,5.92650164895874e-06,6.173981937596577e-05
GOLGA6L9,-0.55201422736004,5.93882969030211e-06,6.182742544674527e-05
CPNE4,-0.533441403150912,5.94906837399152e-06,6.190907272480977e-05
FST,-1.10462220091346,5.97807689690625e-06,6.21669228047703e-05
XLOC_010356,-1.08767903711561,6.31031625840335e-06,6.520660133683461e-05
EFCAB2,-0.792015205938396,6.37664234329378e-06,6.58225378239261e-05
COL4A5,-0.550411877510706,6.62752265189093e-06,6.80536812347207e-05
KIAA1456,-0.582835110471861,6.64506547948529e-06,6.82099840416045e-05
ZMAT1,-0.555237147684155,7.07819779585509e-06,7.224152428787337e-05
XLOC_007279,-0.838279336069598,7.20031751137211e-06,7.321900727481093e-05
CDK18,-0.601760118597527,7.21746796003391e-06,7.335854397197807e-05
CWH43,-1.46266753794946,7.25573775730852e-06,7.365513686071945e-05
LOC100129596,-0.546754372922745,7.27119766120856e-06,7.376111731708565e-05
ZNF503,-0.561179760606241,7.46493345241645e-06,7.53615034189959e-05
SYCP2,-0.831009625423297,7.71565086962519e-06,7.74146629418044e-05
LOC400128,-0.6089957276341,7.7316367257028e-06,7.754858023718563e-05
ZNF610,-0.748364266896943,7.96515886772505e-06,7.948390112214051e-05
VANGL2,-0.549003810648196,7.98992306524019e-06,7.967691178869315e-05
LOC100270804,-0.538809815196936,8.16147646472969e-06,8.127735355658291e-05
OR4N4,-0.884522900317342,8.30995244422092e-06,8.250435217255554e-05
GAS1,-0.775521786254386,8.44581972321448e-06,8.362727426746198e-05
FLJ26332,-0.521803703157323,8.51458079610288e-06,8.422298903933742e-05
GC,-1.02574282789699,8.55201909240227e-06,8.450798153581638e-05
F2,-0.568192040339528,8.56419279529046e-06,8.459983121613314e-05
ZBTB16,-0.776712959665065,8.68198468159854e-06,8.567348390108166e-05
CIRBP,-0.624919361601644,8.70699687642555e-06,8.586618261892418e-05
ARHGAP10,-0.507743542759322,9.0229930810395e-06,8.847771793980276e-05
LRRC52,-0.678966160042156,9.13999875548658e-06,8.93226257961394e-05
DNAH14,-0.504710221754271,9.22091201569947e-06,8.996818138027093e-05
PATE3,-0.776398056852587,9.29502342354044e-06,9.05710041017926e-05
ABCC5,-0.714916688895496,9.39666450970833e-06,9.150072120984373e-05
LOC100288884,-0.536708779843571,9.52459114668175e-06,9.24401204156814e-05
C20orf96,-0.540437371037547,1.00890699638346e-05,9.737195011401353e-05
ANKRD50,-0.560530901543292,1.01724837892534e-05,9.808036535386445e-05
SMAD9,-0.510891520012386,1.02270693077633e-05,9.85097059379049e-05
FAM180A,-0.749810440084016,1.03847562387735e-05,9.983225919040746e-05
XLOC_013940,-0.853127690748562,1.04057998148829e-05,9.996915493945037e-05
DUOXA1,-0.735910396718442,1.04605155211157e-05,0.0001004291506483333
XLOC_002953,-0.737063898650045,1.06148044678932e-05,0.00010167792493560801
HPX-2,-0.931094934750557,1.0764654579734e-05,0.00010287859147617003
XLOC_004442,-0.592301891201754,1.08412575758973e-05,0.00010354334664948647
SEMA3D,-0.821491842357555,1.10023165808992e-05,0.00010477513923508285
TSPAN33,-0.630800834441612,1.10464888831322e-05,0.00010512766039426461
XLOC_012016,-0.792016170591279,1.10944047303251e-05,0.00010551532887210164
THAP2,-0.520413238369708,1.11449792298254e-05,0.00010589820534061149
FAM151A,-0.719459853936228,1.11454726118998e-05,0.00010589820534061149
CCDC160,-0.699749646554833,1.12690194658072e-05,0.00010682415958953052
SLC8A2,-0.797462835104444,1.14343434452488e-05,0.00010822302259870266
LOC100130456,-0.523661318617462,1.15732496182874e-05,0.00010946722233093986
XLOC_010308,-0.776656373892304,1.18396663382568e-05,0.00011166370807082504
ALPK3,-0.605155739897474,1.18475645550717e-05,0.00011170235070402539
TCTE1,-0.695704378702305,1.19584100589409e-05,0.0001125668657309914
PRSS53,-0.510730009807006,1.19640256502052e-05,0.00011258366500423645
ALDH1L1,-1.12221595146725,1.21923468279877e-05,0.00011447561935492094
XLOC_011298,-0.582070999644646,1.2252688105827e-05,0.00011485869156428833
XLOC_011088,-0.842250274407569,1.22590490181174e-05,0.0001148816749185058
PKNOX2,-0.723660668639901,1.23357518103597e-05,0.00011537971807856488
ITIH6,-0.861473943934829,1.27378170555014e-05,0.00011861184018601873
C4orf48,-0.745267456037914,1.30006974129969e-05,0.00012067735172872801
PTH1R,-0.516091110169716,1.30958229304493e-05,0.00012144526484065764
ADH7,-1.16362624445389,1.31209240038283e-05,0.00012160129757947212
XLOC_011052,-0.566856151901984,1.33647581004909e-05,0.0001235882665378309
LRP12,-0.5716861638614,1.34233921790103e-05,0.00012405240545809896
GPR62,-0.621724226930714,1.38704972049417e-05,0.00012764073794715777
XLOC_001638,-0.717381398361012,1.3901099958192e-05,0.00012786401426333224
MORN3,-0.587978790347286,1.4006685575715e-05,0.00012871434512167369
MT1H,-0.924184360953934,1.46723005979144e-05,0.00013393356122464898
XLOC_003156,-1.18354953164905,1.47039123771535e-05,0.00013411501456852485
XLOC_000503,-0.755505435561348,1.47487130437803e-05,0.00013444019197599735
ATP1B2,-0.611558659974847,1.5300204500392e-05,0.00013873570189988277
TTTY16,-0.858350654482102,1.53168972144444e-05,0.00013880141083505765
LOC100505912,-0.53513436020876,1.57624570367115e-05,0.00014205062477610475
OR7A17,-1.11166383248698,1.58304346646475e-05,0.00014253259717060716
GCNT2,-0.551093621779041,1.58676325903953e-05,0.00014269756778042785
PGAM2,-0.582711607310868,1.61243037064184e-05,0.0001446903930760989
CCDC102B,-0.526310584118002,1.63587294676917e-05,0.0001464366254718393
LOC100131864,-1.01693440429318,1.63591136855931e-05,0.0001464366254718393
XLOC_000709,-1.15122832576197,1.67238674734633e-05,0.00014911438631982386
PON3,-0.668864791605992,1.74021101499859e-05,0.00015445883814188633
ATP13A5,-0.789974513792174,1.80451048952489e-05,0.0001595395736045652
LOC100132352,-0.502619954149559,1.81792419960048e-05,0.00016058057222079623
Q8E8P5,-0.557993351485958,1.82662035208632e-05,0.00016125178404059108
TGFB3,-0.842160607519695,1.83682711945856e-05,0.0001620068288915011
SLC16A10,-0.778295358541333,1.83880763590028e-05,0.00016208421956759878
DENND5A,-0.514102152495182,1.85169554833234e-05,0.00016297582741656424
CARNS1,-1.15450885683202,1.88483905181523e-05,0.0001652495526692899
C9orf53,-0.665106548920129,1.8858124103675e-05,0.00016528558042314373
XLOC_006309,-0.665305326980064,1.8945622041667e-05,0.00016593066517022167
XLOC_010902,-0.667514524359578,1.93339339405364e-05,0.00016910287221562017
GSTT2,-0.946558587970121,1.94789220699958e-05,0.00017026964955176577
DUSP26,-0.673661117695553,2.03027746826431e-05,0.00017668283754027701
KIF1A,-1.06693065842476,2.04120692234514e-05,0.00017752882223699018
TCOF1,-0.522394881901924,2.07491540526549e-05,0.00018003428972525014
NLRP14,-1.08975893896216,2.08020037610359e-05,0.00018043957689767504
NDN,-0.528311917800171,2.14871887337843e-05,0.00018583446218612508
SLC9A3,-0.692791207458759,2.17848279175512e-05,0.00018818710253997494
SCAMP5,-0.502781085487771,2.19817909678269e-05,0.00018977698970696147
PRSS33,-0.510490564178393,2.22561290156642e-05,0.0001919199294343719
XLOC_005082,-0.929364486346699,2.30881220517206e-05,0.0001982456502966628
TMEM59L,-0.780744162900411,2.44380837142679e-05,0.0002079891121329004
GALNTL1,-0.689892409491838,2.45293171224552e-05,0.00020870244705071205
DBP,-0.615906667460193,2.49931500593619e-05,0.00021197653504892572
MAP7D2,-0.788730348772121,2.56172719925482e-05,0.0002163956278577196
XLOC_008440,-0.705091334731434,2.68353143180697e-05,0.0002257115675957162
ODF3L2,-0.501392852453141,2.68517310395349e-05,0.0002257850276938059
VSIG2,-0.525380940566544,2.71310987043785e-05,0.00022787331486832677
CAMK2N2,-0.509802174869088,2.79868072226245e-05,0.00023392385968671467
ZC3H12C,-0.536298815867999,2.8137218939484e-05,0.00023511418544030588
FUT9,-0.52361053236425,2.81727535213857e-05,0.00023534419570394626
UNC5A,-0.627573762777948,2.91331817827609e-05,0.0002424025895333458
XLOC_008925,-1.0580661474445,2.92634246481294e-05,0.00024334847865286553
XLOC_012507,-0.679291718630625,2.95958766459799e-05,0.00024528020949578607
XLOC_007535,-0.930778360578355,2.98673304817112e-05,0.0002471813878334353
OR4D10,-0.930679258864242,2.99491179330092e-05,0.0002476490370892725
LOC401037,-0.66286014298817,3.04357094498559e-05,0.0002512484913798779
CHODL,-0.826756734533574,3.09483136553873e-05,0.0002549787052718032
XLOC_006193,-1.04860530829314,3.11758980231534e-05,0.0002565660294327729
ARSD,-0.511545682050119,3.13585018728292e-05,0.0002579243361429344
MAL,-1.19423584049365,3.15195229037788e-05,0.0002591762000828907
C20orf141,-0.536462182478857,3.15550204787051e-05,0.00025939550820368827
LOC729291,-0.625511250896843,3.17668701871471e-05,0.0002609909927480791
LOC650368,-0.502961732276712,3.17801207185216e-05,0.00026102688308438034
ATP6V0E2,-0.583406551150757,3.32036597754271e-05,0.00027158061605350725
XLOC_005116,-0.648893655075913,3.46634731867062e-05,0.00028249865502244086
CELA3B,-1.53212276501946,3.47518564082015e-05,0.0002830619612317699
XLOC_007855,-0.587148079516085,3.50997335829419e-05,0.0002853419005630696
CELA3A,-1.57973068495834,3.55094561672585e-05,0.0002881645302944643
XLOC_l2_004854,-0.525534646430733,3.60436306995888e-05,0.00029196533048498225
SYDE1,-0.673466337971123,3.60993948948781e-05,0.00029225592759522795
PSTPIP1,-0.53920901597419,3.69724565750798e-05,0.0002986659026466314
RIMS3,-0.559454215996736,3.70093965021552e-05,0.00029881444500247796
XLOC_013182,-0.742187077010499,3.75252885715432e-05,0.00030238365246518
OPN1MW,-0.920095824281955,3.92087561753151e-05,0.0003141403834460633
FZD8,-0.657804670448151,3.96567511653908e-05,0.0003170382489794627
OR1J4,-0.665080163642664,4.07317967355581e-05,0.00032457322192640497
TAS2R31,-0.67263199922921,4.09906003867448e-05,0.0003263700255122342
FAM189A2,-0.504244122114033,4.12021274944412e-05,0.00032796536370710674
RASSF10,-0.586962402809534,4.15740418871013e-05,0.0003305502735154412
XLOC_012343,-0.727778789935892,4.18170817250433e-05,0.0003318715629855718
SCN2A,-0.570688153988624,4.2049827443886e-05,0.00033335859965495597
XLOC_001289,-0.575521522818484,4.22412291344512e-05,0.00033442490350303123
PTPRN,-0.619484121738005,4.34247146996679e-05,0.00034268676573411395
VSTM2L,-0.659127073844358,4.57493439683926e-05,0.0003591989635434469
LYPD6B,-0.723820935942038,4.71132051720798e-05,0.0003686149740013043
PHGDH,-0.628900797582805,4.74781500234299e-05,0.00037039763018013216
LMOD2,-0.784575015592892,4.85927549526767e-05,0.00037808945791614057
TAS2R39,-0.62226105292936,4.97797938250059e-05,0.00038589516774710454
KLHL3,-0.518637015923487,5.03326225979298e-05,0.0003893405791650914
OR56B1,-0.949035614151193,5.07619732111613e-05,0.0003922673859399443
LRRC26,-0.558431019495091,5.13930507688978e-05,0.00039641442939537233
VAV3,-1.09376104332424,5.1575307454518e-05,0.00039753966693307726
LGI3,-0.805714609832776,5.15795137476461e-05,0.00039753966693307726
NUDT13,-0.531982718635925,5.22238911372221e-05,0.00040155827125606567
DPRX,-0.60264688240059,5.26113669039884e-05,0.00040369265028052505
BRD4,-0.513192649025974,5.3123714925058e-05,0.0004069863749263828
LOC100507800,-0.609852897288918,5.38921948523203e-05,0.00041190736601300103
XLOC_006297,-0.667301150236738,5.45250993456245e-05,0.0004162035375504449
GLIS2,-0.532916723315499,5.50095064666312e-05,0.00041968311942922065
XLOC_l2_012931,-0.576702178381848,5.70882552686189e-05,0.0004338024230289418
TSPYL5,-0.586228625980858,5.83711040591932e-05,0.0004413197854621996
ZDBF2,-0.573836577027258,6.07580632561804e-05,0.0004560812165958186
NTN1,-0.572961046988391,6.14055368012028e-05,0.00046023614269669673
TFAP2B,-0.809026400606533,6.20083222610006e-05,0.00046380773087459554
XLOC_005851,-0.929934680716025,6.40151089141939e-05,0.0004776024424397894
XLOC_003824,-0.800793164112261,6.5018343794147e-05,0.00048385897377118065
GATA5,-0.789276498679128,6.53807797849241e-05,0.0004859409095395421
LOC100506767,-0.500042172284951,6.57739085687064e-05,0.0004883687784277776
XLOC_004607,-0.990451440821135,6.84889866389019e-05,0.0005066081901193176
ZNF300P1,-0.802925668513503,6.89093666374069e-05,0.0005093331153772923
LOC100507149,-0.674142980748852,6.97856035165213e-05,0.0005147739247348212
CEMP1,-0.534597263966508,7.1638761085148e-05,0.0005264615930908551
KCNJ10,-0.74179549703354,7.22772081027154e-05,0.0005306670523817756
FAM20A,-0.841669739361926,7.29126259672835e-05,0.0005347532448032262
XLOC_004682,-0.656282439377173,7.375156056834e-05,0.0005399628455362173
XLOC_l2_003909,-0.773298413963849,7.38527082762349e-05,0.0005402486695545798
C9orf169,-0.646006014117371,7.45169534783825e-05,0.000544481409453681
PRICKLE2,-0.620977377882043,7.46488678326582e-05,0.0005451969928020621
KRT26,-0.65035078615289,7.53307064041721e-05,0.000549197348296425
SLITRK4,-0.752867540061971,7.83458140713028e-05,0.0005675195425012192
RAMP1,-0.678388615165441,7.92681345194854e-05,0.0005732115987349008
FERD3L,-0.796996019623239,7.94435288923353e-05,0.0005741973504889203
GSTT2B,-0.879504069108934,8.43458314710983e-05,0.0006066459361900727
LY6H,-0.819568282164063,8.51686992541893e-05,0.0006118156278861194
LOC100505923,-0.7148145620868,8.59028020590519e-05,0.0006155843811049542
XLOC_012002,-0.749054251183074,8.79891260748522e-05,0.000628389899656806
XLOC_003912,-0.704148145584092,8.99704125275935e-05,0.0006409819353602225
LOC100128398,-0.512887665296101,9.04305108345006e-05,0.0006441036966563993
XLOC_005548,-0.733090647927882,9.25905697165825e-05,0.0006577354756661654
LOC100131170,-0.675929980862239,9.39094458393327e-05,0.0006662990811990123
LOC100507429,-0.543778624968001,9.49468264296122e-05,0.000672036930422313
XLOC_003345,-0.767652885137225,9.52394746084593e-05,0.0006734594994690573
SLC18A2,-0.604820536796476,9.53463092373662e-05,0.0006740527630184551
SLC25A47,-0.888677688069953,9.62219391200482e-05,0.0006795891244556541
GMPR,-0.566115654675403,9.66180280349121e-05,0.0006820587576002874
SRPK3,-0.583686695902844,9.72068485868596e-05,0.0006858859222738608
ID4,-0.659643635184088,9.92748768809341e-05,0.0006981311514182559
CA8,-0.500230829791731,0.0001003095132375,0.0007040592249877358
XLOC_009023,-0.652754215611573,0.0001011149374536,0.0007081901291435646
XLOC_l2_014191,-0.535936101310853,0.0001016464920098,0.0007112350255200007
LOC100653325,-0.673972394262546,0.0001019083859941,0.0007127281407888175
PACSIN3,-0.518096647998961,0.0001022603633346,0.0007150196425594157
XLOC_010813,-0.842821113381943,0.0001023309861416,0.0007153432494598813
XLOC_011721,-0.522672209314298,0.0001032888895058,0.0007203260286655079
NWD1,-0.581537282536013,0.0001053776886621,0.0007319403248408875
LOC100134937,-0.510960259724477,0.0001060156104449,0.0007358494945098539
LOC723809,-0.668869965415863,0.0001067340617599,0.0007399623984430152
LRRC3B,-0.515367597736375,0.0001080634920296,0.0007481201186727644
XLOC_013263,-0.732762421237479,0.0001109494013159,0.0007655743145977153
OR52I2,-0.598010847493684,0.0001117919528516,0.0007695811455616821
LOC100507309,-0.546397826354009,0.0001127498315514,0.0007758117653084859
LOC100128792,-0.646614683511478,0.0001128387760877,0.0007760675958511798
XLOC_007506,-0.521189022662224,0.0001131614411485,0.0007775516559439135
SSTR2,-0.716737434498811,0.0001177223665706,0.0008043768678857923
SOSTDC1,-0.853361914828397,0.0001188965658384,0.0008105154898768033
LRRN1,-0.570104772733838,0.0001195840023149,0.0008146348307905149
XLOC_005788,-0.511454015926547,0.000122842720352,0.0008345126827796061
FBLN1,-0.689593611386965,0.0001262181220943,0.0008545618206274683
XLOC_007700,-0.601528470599449,0.0001272970554918,0.0008603969334850548
LOC100507333,-0.560295223847677,0.0001289754108766,0.0008707395761179693
XLOC_008840,-0.643204904735283,0.0001305002562253,0.0008790147902702537
TAAR8,-0.892905667673976,0.0001325459386304,0.0008897350489881669
XLOC_005010,-0.624706388695618,0.0001336240914,0.0008963580913177813
LOC100131860,-0.641513628279907,0.000133894644644,0.0008975583523717774
KIF5C,-0.536037893165505,0.0001350921611072,0.0009051729207976274
C3orf15,-0.513009736792346,0.0001362610590721,0.0009111353820275028
FMO2,-0.710274356340297,0.0001437762953481,0.000956182354247321
LOC440925,-0.524591328292012,0.0001502819835913,0.0009944802823195506
TIMP3,-0.66121499895009,0.0001519374633251,0.001004756564400999
KCNG4,-0.502450643582384,0.0001543653650351,0.0010187490113746955
PLTP,-0.708266064898789,0.0001545541065532,0.001019536719053971
SNORD27,-0.561125048710313,0.000156642331745,0.001031922180076678
XLOC_011014,-0.797288764418382,0.0001577982211281,0.0010381406139495417
XLOC_006870,-0.525190355525398,0.0001623500669617,0.0010642747641914877
XLOC_l2_012855,-0.709426074326502,0.0001650758794195,0.0010802159751459063
ZNF404,-0.504219921154336,0.0001680867439557,0.0010969871710793052
XLOC_005342,-0.6046249302107,0.0001694180107447,0.0011046941423929985
DAND5,-0.761757356115451,0.0001778408700388,0.0011501733029710068
KCNE4,-0.825247104257745,0.000182250831772,0.0011748162851755947
ACCS,-0.521656480814616,0.0001853817492861,0.001192122286218798
DNAJB13,-0.719147571179878,0.0001867509006544,0.0011993521565628294
NRG4,-0.6060121737653,0.0001935773171019,0.0012360964017162003
RASD1,-0.606682315312017,0.0001936079943208,0.0012360964017162003
MYEF2,-0.522523036021815,0.0002028573697084,0.0012860551767201575
SMOC1,-0.513995092553187,0.0002031956750808,0.0012875192969544094
CRTAC1,-0.565142604079356,0.0002040465247217,0.0012922607970602712
XLOC_013923,-0.51005722766555,0.0002045277006099,0.0012945638736859232
PROC,-0.607060367599796,0.0002072225908801,0.0013088023857262794
LOC100128511,-0.522504974092254,0.0002123535901892,0.0013354691436936036
GABRB2,-0.58762680118708,0.000215576402863,0.00135284205153488
FOLR3,-0.702511734005535,0.0002199324853559,0.0013769441584233467
LOC100131094,-0.905710314250425,0.0002212738562995,0.0013844573321119239
PRTN3,-0.556008592438012,0.0002226022386896,0.0013909918330023315
ZNF334,-0.571307482562024,0.0002269102130117,0.0014152031706256027
XLOC_009126,-0.745505701593808,0.0002298618258662,0.0014302729914367745
XLOC_002153,-0.614382935580664,0.0002403138528997,0.0014905748225024027
MC5R,-0.646230445672606,0.0002470235050746,0.0015273567782731633
LOC100507334,-0.784240678569645,0.0002559893691886,0.0015731943918265534
ATG9B,-0.556508418837257,0.0002709713030288,0.001651795198799082
CYP4X1,-0.720647160270067,0.0002760017901486,0.0016758554977039375
GLYATL1,-0.501370976174997,0.0002775418403545,0.0016834674105960876
KRTAP25-1,-0.622602358464317,0.00028665569572,0.0017333822193043948
INSIG1,-0.544531487491751,0.0002885591247607,0.001743881940665926
LOC286186,-0.576840684317653,0.0002898664764649,0.0017495729185089104
SYNDIG1,-0.804764884691257,0.0002913744010696,0.0017572154522128884
FLJ36000,-0.556818112398589,0.0002967891098444,0.0017862048658831102
RERG,-0.506457474737178,0.0003029563919951,0.0018173673092369872
HOXC4,-0.536492328289576,0.0003141172029735,0.0018743708347178107
PAX4,-0.577540212693819,0.0003216630710779,0.0019124083214317872
CXCL17,-0.895619907116673,0.000324468614146,0.001927138971811368
LOC100130580,-0.516127607339433,0.0003272386928804,0.001941629458180738
IGFN1,-0.522625971486327,0.0003278440422703,0.0019448285656519127
XLOC_008877,-0.549478595379646,0.000332710521884,0.0019697213571972187
TDGF1,-0.507145601389509,0.0003331962334062,0.0019721995785179063
GSTM3,-0.522515562500514,0.0003441399994542,0.0020308406232851465
HRG,-0.715877061556811,0.0003508996066138,0.002064925438359302
ADRA1B,-0.569074228747943,0.0003539027836235,0.0020796830644126013
CSGALNACT1,-0.504830474800907,0.000357012539452,0.0020958618676419046
ARHGDIG,-0.793933408362206,0.0003682415364716,0.0021518954610911475
FAM107A,-0.548144459796812,0.0003716008356808,0.0021685078155256853
EDN1,-0.545298855753623,0.0003901289852014,0.0022653844333330848
PLVAP,-0.51131519751414,0.0003904385095897,0.002266733883805236
GAS2,-0.656847869165293,0.0003950619497163,0.0022899567215508136
FAM129A,-0.52168354490072,0.0004049593534131,0.0023369861496801048
C14orf180,-1.05827806542395,0.0004358060234808,0.0024868868772919906
CLDN24,-0.831310775548452,0.0004470409538696,0.0025411295072185307
NLRP5,-0.514906184026611,0.0004581782415562,0.002595901708666591
PAQR7,-0.607229794098732,0.000476057888866,0.00268684256539159
CABP1,-0.633800401557671,0.0004763876493886,0.0026881874501213858
C9orf128,-0.525778673072628,0.0004767708387005,0.002689833251628008
XLOC_010312,-0.695790453200562,0.0004784607700203,0.0026988493492047174
LOC100129269,-0.545054655503235,0.0004807124791424,0.0027105100416417597
TRPV6,-0.611971264239567,0.0004867469236428,0.0027377069075626044
SNORA28,-0.546596988180521,0.0004928133306451,0.002766379764502819
POSTN,-0.522854420397379,0.0004989562056283,0.002798344460115359
XLOC_012667,-0.509872561584768,0.0004991501662097,0.0027983641901126793
XLOC_010623,-0.594950276155049,0.0005061482266399,0.0028300388288609933
LOC100499194,-0.613728482761406,0.0005064800281854,0.002831355348737404
C5orf49,-0.500583033015385,0.0005185733242352,0.0028879728733416823
GALNT14,-0.913878129432027,0.0005198957759042,0.0028947891364669628
XLOC_012724,-0.587771800664552,0.0005348727903727,0.00296246542847209
GPX3,-0.59164121784305,0.0005570681092496,0.0030721378864808813
SCARNA20,-0.526825903811964,0.0005855205245797,0.0032085170942286446
XLOC_012236,-0.52260222306697,0.0005929203440778,0.003243019369394824
LOC340073,-0.544061545595029,0.0005930599878829,0.003243179554131497
FSD1,-0.534697605889039,0.0005957733695491,0.0032553490301611395
PRSS56,-0.621029008542771,0.0005958392008043,0.0032553490301611395
RN5-8S1,-0.534271965782425,0.0006031684008379,0.003288056569064034
KRT73,-0.63776853801137,0.0006136092304927,0.0033400163114872135
XLOC_006684,-0.622495606103474,0.0006285806010497,0.0034082521593447575
RANBP17,-0.536495713624956,0.000631916204889,0.0034257062219660455
GUCA2B,-0.931442713649194,0.0006423051439446,0.0034755486326148045
FIGF,-0.691363511601454,0.0006531081173343,0.0035262798736396127
XLOC_l2_004315,-0.545912586733843,0.000656165540866,0.0035388865690897425
XLOC_010918,-0.650866225265313,0.0006695731033871,0.0036026024098022875
FAM162B,-0.669086080327014,0.0006790872363667,0.00364778206952012
CECR3,-0.563899552309773,0.0006854410768071,0.0036758781350130984
NID1,-0.539143846830077,0.0007030725813548,0.0037594426893840724
XLOC_l2_014504,-0.579405608658426,0.0007037106573458,0.0037614857762965394
RNASE1,-0.508022700360661,0.0007115853917846,0.003798741415761276
SIGLEC14,-0.503413029914785,0.0007198806497765,0.003838144509367159
ADRB2,-0.611400553704629,0.0007476680642729,0.003967351044330369
KCNJ8,-0.68779424774477,0.0007477673276913,0.003967351044330369
KIF26A,-0.508991599785537,0.0007507360934393,0.003977399010995881
FAM153B,-0.840447680945396,0.000763185778524,0.00403535510242233
APCDD1,-0.519741344538834,0.0007697213313252,0.004065047196166102
LOC100128429,-0.635633648217344,0.0007710543102609,0.004070368972507154
KRT9,-0.615259225975064,0.0007718169379293,0.004072931616424182
PSORS1C2,-0.581473169037603,0.0007744600718912,0.004085110399168878
LOC283547,-0.658222649743788,0.0007863173085228,0.004139045864744411
SLC5A7,-0.621602084366456,0.0007877734363812,0.004143741855802883
GXYLT2,-0.552142764075139,0.0007946495420883,0.004174568519156178
ZNF662,-0.668239176608551,0.0007950911385156,0.004175507215635535
LOC440082,-0.52209386110017,0.0008125554730573,0.004252897476028214
C11orf40,-0.578364376294837,0.0008353036355487,0.004362520568954184
ZAR1,-0.513524209249717,0.0008401060153466,0.004383706601385987
ARRDC5,-0.5556995416755,0.0008538702344524,0.004441334238953475
ATP8A2,-0.542334745147806,0.0008576150001876,0.0044568681919563554
MUC5AC,-0.668808419438776,0.0008625655030686,0.004477844021229468
XLOC_001280,-0.533417011287307,0.0008927299742536,0.004610642946319592
CDO1,-0.509615299253841,0.0009458236163679,0.004838270572292401
LOC729175,-0.544398508394894,0.0009577129529963,0.004892276770842216
LOC100133190,-0.514422284520436,0.0009771182457794,0.004975836251423498
INE1,-0.55175584631373,0.0009841589257276,0.005003886247280745
XLOC_012183,-0.618489797482435,0.0010402463625235,0.005244597718620796
HIGD1B,-0.538076492428827,0.0010564042012355,0.0053160285386830266
TTR,-0.784172640450445,0.0010575381524565,0.005320823698748779
TMEM200A,-0.756471775250461,0.0010591937924165,0.005326418064944576
HRASLS,-0.5687670359446,0.0011095472125245,0.0055454716805561225
S1PR3,-0.567432307717086,0.0011137922135795,0.005564795235068742
LOC100131015,-0.60042594934347,0.0011497187297641,0.005712245820846554
SIX1,-1.11824102219023,0.0011641987992325,0.0057744260441932
LOC100652894,-0.591858603956826,0.0012947868392269,0.006336585450657808
SLC6A5,-0.568067372876193,0.0012973944731691,0.006348289839742508
STAB2,-0.669243332326361,0.0013143041545089,0.0064171408029087135
ARHGAP20,-0.561407249288883,0.0013761244103873,0.006683448053621215
GPM6B,-0.515504194937062,0.0013939736999207,0.0067578520444192556
ZNF880,-0.502345731678641,0.0014081174993513,0.00681181186352856
C9orf147,-0.520749616451817,0.001419050455369,0.0068590550628921335
S100A1,-0.688508404002659,0.0014393451652648,0.006941167659468649
KCNJ11,-0.510715872931908,0.0014395867891553,0.006941193857210165
PSAPL1,-0.996906332970479,0.0014475248405518,0.006974890968049893
XLOC_014174,-0.525533395379784,0.0015174044979618,0.00726396536668861
GABRA3,-0.619765164633873,0.0015603084527843,0.007437849928698298
AFP,-0.512887731487331,0.0016209676865136,0.007689588114812216
XLOC_013521,-0.51146986551335,0.0016528137390034,0.007811658115444182
TSSK1B,-0.524116089310427,0.001697442197895,0.00798278625567903
LOC389023,-0.812640739043576,0.001715034369613,0.008047490029408725
SPINK13,-0.947380838638463,0.0017648162749339,0.008256036403654483
LOC440337,-0.556070502666507,0.0017796283745059,0.00831461002748926
SNORD67,-0.526350989624982,0.0017873439054548,0.008345481838815644
SLC22A13,-0.609958197410044,0.0019648897290215,0.009040651903054708
CA12,-0.679325439908836,0.0020075018492751,0.009200945780801098
CAMK2B,-0.5079697702508,0.0020252423192927,0.009277303877965245
DCDC2,-0.655299986000687,0.0024921166215054,0.011078251894236984
TDRD9,-0.777596651220144,0.0026892340875853,0.011836335385046696
XLOC_001990,-0.942565288343119,0.0027521510447091,0.012075278426681253
AMHR2,-0.700767879532303,0.0029143961038387,0.012684874511198417
XLOC_012833,-0.5592756634043,0.0029578261495029,0.01284916406231947
GPR116,-0.550877797913145,0.0029658875900278,0.012880376015329835
TMEM229A,-1.00996909537167,0.0029924060419735,0.012989782682646563
SOD3,-0.516232802222279,0.0030473788555007,0.013197225140797905
DNASE1,-0.719486744493538,0.003147381871687,0.013582269962575265
RASL12,-0.603810032891674,0.003154170085392,0.013607567596814458
XLOC_005119,-0.5133806777446,0.0032100378908483,0.01379795137286088
XLOC_002517,-0.604255120586947,0.0033591405575343,0.014298728665240153
XLOC_013036,-0.515791020372069,0.0038125993616537,0.01598126801316202
ZAR1L,-0.55889982567549,0.0039876856685501,0.016625068297254977
OR5L2,-0.675910306779757,0.0040503381498717,0.016828974628648314
SRRM4,-0.589660497602177,0.0041258981776319,0.01709458559766619
XLOC_009707,-0.571837505101656,0.00421715610594,0.017408875353471655
XLOC_l2_011908,-0.61749975347052,0.0042396278520453,0.017489357568207086
PLA1A,-0.500655034866198,0.0044839743794615,0.01838635957354745
PRSS21,-0.530296442338317,0.0044949081126543,0.01842862159803077
DEFB1,-0.604891393455276,0.0044982168208611,0.018434471612252964
GPR64,-0.588050185799871,0.0045556264085236,0.01863855615950042
ALDH3A1,-0.533462060135346,0.0046926906052523,0.01911152875653473
LOC100131662,-0.675819779560498,0.0048148369470502,0.019517024579298107
TCN1,-0.892567909702389,0.005289463467419,0.02113771449286233
C2orf84,-0.534797285992623,0.0065474036283142,0.025281184841531693
ZIC4,-0.527560554899007,0.0066132235862449,0.025488447836401987
SNORA52,-0.542509727215579,0.0068338253218204,0.02620301387968668
SEC14L5,-0.574143104620463,0.0069254997989977,0.026497407641315508
LOC401317,-0.528539069937146,0.0071165221304698,0.02712585633855337
HTR3E,-0.581565487913948,0.0076851582159568,0.028955311493658775
NPY,-0.565520209753169,0.0087219482018981,0.03233105622570401
SOX21,-0.646379417765123,0.0096934965029343,0.03539228167824987
KRTAP19-8,-0.641927798245323,0.0117241945358802,0.04153213946726703
SCGB2A1,-0.519172807989241,0.0129943255529036,0.045213975769444824
DKK1,-0.57713555184713,0.0130117139046738,0.04526376044395758
C2orf40,-0.852560094819912,0.0137113493315052,0.04733894903128229
NPTXR,-0.540416184772572,0.0137699443509355,0.04750201154746908
PNMAL1,-0.582219599919876,0.0139051293510835,0.04791791057336326
C5orf58,-0.877270545643195,0.0147551062187276,0.0504246740412908
CLPS,-0.52803320000454,0.0151973484826266,0.051608467437881965
HEPH,-0.76115111317512,0.017065796240909,0.056888568503610897
XLOC_008015,-0.687024536511756,0.0205167793610028,0.0663089312505389
KRTAP19-2,-0.641166575040393,0.0274635246417344,0.08492880431422505
XLOC_012663,-0.550297844104677,0.027486833661892,0.08496552267531414
TRIM36,-0.554640959902558,0.0305806104187766,0.09276455191855974
LY6K,-0.800306364710342,0.0311551185230853,0.09423266419159854
PRSS1,-0.795822172980435,0.0338732904252203,0.10084776203184825
