ID,Description,GeneRatio,BgRatio,RichFactor,FoldEnrichment,zScore,pvalue,p.adjust,qvalue,geneID,Count
HALLMARK_KRAS_SIGNALING_DN,HALLMARK_KRAS_SIGNALING_DN,24/228,200/4384,0.12,2.3073684210526313,4.432334617252318,8.395387210821828e-5,0.004029785861194478,0.003711644872152809,GPRC5C/SLC16A7/KCNE2/YPEL1/CKM/IGFBP2/NPHS1/CPA2/COL2A1/C5/P2RY4/RGS11/ATP4A/RYR2/CCDC106/IDUA/KLHDC8A/SGK1/ZBTB16/TFAP2B/PAX4/ARHGDIG/EDN1/CLPS,24
HALLMARK_MYOGENESIS,HALLMARK_MYOGENESIS,23/228,200/4384,0.115,2.2112280701754385,4.106392672773752,2.272030542260986e-4,0.005452873301426366,0.005022383303945338,MYBPC3/CKB/CKMT2/CKM/DMD/TPD52L1/CTF1/GADD45B/EPHB3/LAMA2/FABP3/HDAC5/PPP1R3C/EFS/PTP4A3/SORBS1/MRAS/TPM2/FST/PGAM2/GPX3/CAMK2B/SOD3,23
HALLMARK_APICAL_SURFACE,HALLMARK_APICAL_SURFACE,7/228,44/4384,0.1590909090909091,3.0590111642743225,3.2148118782137227,0.006913564313964239,0.11061702902342782,0.101884105679473,GHRL/TMEM8B/SLC2A4/SLC22A12/GAS1/MAL/GSTM3,7
HALLMARK_ESTROGEN_RESPONSE_LATE,HALLMARK_ESTROGEN_RESPONSE_LATE,17/228,200/4384,0.085,1.634385964912281,2.150741005902359,0.02959247544979917,0.23673980359839336,0.21804981910378335,PTGER3/CKB/DHRS2/DCXR/TPD52L1/KLK11/HOMER2/SERPINA5/SCUBE2/PDCD4/SLC29A1/SGK1/CACNA2D2/PRSS23/IDH2/RET/CA12,17
HALLMARK_HYPOXIA,HALLMARK_HYPOXIA,17/228,200/4384,0.085,1.634385964912281,2.150741005902359,0.02959247544979917,0.23673980359839336,0.21804981910378335,EGFR/CHST3/PPP1R3C/NEDD4L/GPC3/PPARGC1A/MT1E/ADM/CSRP2/MXI1/MT2A/TKTL1/RORA/GCNT2/PGAM2/TGFB3/CA12,17
HALLMARK_XENOBIOTIC_METABOLISM,HALLMARK_XENOBIOTIC_METABOLISM,17/228,200/4384,0.085,1.634385964912281,2.150741005902359,0.02959247544979917,0.23673980359839336,0.21804981910378335,RAP1GAP/GABARAPL1/ANGPTL3/CYFIP2/DCXR/GSTA3/GNMT/ITIH4/PMM1/MT2A/ADH7/GCNT2/GSTT2/FBLN1/HRG/CDO1/ALDH3A1,17
HALLMARK_COAGULATION,HALLMARK_COAGULATION,12/228,138/4384,0.08695652173913043,1.6720061022120518,1.8786165949085771,0.053780014554292176,0.3104752419760548,0.28596403866215575,FGA/FGG/LAMP2/RGN/HPN/PRSS23/TF/F2/TIMP3/PROC/HRG/S100A1,12
HALLMARK_EPITHELIAL_MESENCHYMAL_TRANSITION,HALLMARK_EPITHELIAL_MESENCHYMAL_TRANSITION,16/228,200/4384,0.08,1.5382456140350877,1.8247990614237937,0.05469064329462346,0.3104752419760548,0.28596403866215575,APLP1/CDH2/SNTB1/IGFBP2/GADD45B/LAMA2/FMOD/TPM2/PLOD2/EFEMP2/GAS1/FZD8/FBLN1/TIMP3/POSTN/DKK1,16
HALLMARK_BILE_ACID_METABOLISM,HALLMARK_BILE_ACID_METABOLISM,10/228,112/4384,0.08928571428571429,1.7167919799498748,1.7997074570536227,0.0645631473451266,0.3104752419760548,0.28596403866215575,PXMP2/AR/ALDH1A1/GNMT/SLC29A1/CYP7B1/ABCA2/IDH2/GC/TTR,10
HALLMARK_WNT_BETA_CATENIN_SIGNALING,HALLMARK_WNT_BETA_CATENIN_SIGNALING,5/228,42/4384,0.11904761904761904,2.2890559732664997,1.9659247971803282,0.06468234207834475,0.3104752419760548,0.28596403866215575,HDAC5/WNT6/GNAI1/FZD8/DKK1,5
HALLMARK_ANGIOGENESIS,HALLMARK_ANGIOGENESIS,4/228,36/4384,0.1111111111111111,2.1364522417153995,1.603515128634017,0.11461656642948052,0.500145017146824,0.4606598842141802,SERPINA5/APOH/POSTN/KCNJ8,4
HALLMARK_PANCREAS_BETA_CELLS,HALLMARK_PANCREAS_BETA_CELLS,4/228,40/4384,0.1,1.9228070175438599,1.3731290817293265,0.15209554166813197,0.5339741374606916,0.4918182845032686,PAK3/ABCC8/CHGA/PAX4,4
HALLMARK_ANDROGEN_RESPONSE,HALLMARK_ANDROGEN_RESPONSE,8/228,101/4384,0.07920792079207921,1.523015459440681,1.2454220917733043,0.15323001943693826,0.5339741374606916,0.4918182845032686,ZMIZ1/LIFR/AZGP1/CDK6/HOMER2/SGK1/ZBTB10/INSIG1,8
HALLMARK_ESTROGEN_RESPONSE_EARLY,HALLMARK_ESTROGEN_RESPONSE_EARLY,14/228,200/4384,0.07,1.345964912280702,1.1729151724666627,0.15574245675936838,0.5339741374606916,0.4918182845032686,THSD4/IGF1R/MAST4/SYNGR1/DHRS2/LRIG1/TPD52L1/AR/CELSR1/RAB17/PRSS23/ADCY1/RET/CA12,14
HALLMARK_UV_RESPONSE_DN,HALLMARK_UV_RESPONSE_DN,10/228,144/4384,0.06944444444444445,1.3352826510721247,0.9581307729608205,0.21460594116182455,0.6867390117178386,0.6325227739506408,IGF1R/ZMIZ1/PTPRM/SYNE1/EFEMP1/KIT/MT1E/IGFBP5/DBP/INSIG1,10
HALLMARK_P53_PATHWAY,HALLMARK_P53_PATHWAY,13/228,200/4384,0.065,1.2498245614035088,0.8469732279880972,0.23948050120886344,0.7184415036265903,0.661722437550807,FGF13/CYFIP2/DCXR/TPD52L1/CTSF/LDHB/NUPR1/ADA/PMM1/ALOX15B/GLS2/ZBTB16/ABCC5,13
HALLMARK_PEROXISOME,HALLMARK_PEROXISOME,7/228,104/4384,0.0673076923076923,1.2941970310391362,0.7111291154801334,0.2959169941303015,0.8157674457851427,0.751364752696842,ALDH1A1/ALB/ECI2/ABCC8/IDH2/ABCC5/TTR,7
HALLMARK_FATTY_ACID_METABOLISM,HALLMARK_FATTY_ACID_METABOLISM,10/228,158/4384,0.06329113924050633,1.2169664667999112,0.6505367014473713,0.3059127921694285,0.8157674457851427,0.751364752696842,GABARAPL1/ACADL/GLUL/ALAD/G0S2/ALDH1A1/ECI2/CA4/ADH7/ALDH3A1,10
HALLMARK_CHOLESTEROL_HOMEOSTASIS,HALLMARK_CHOLESTEROL_HOMEOSTASIS,5/228,74/4384,0.06756756756756757,1.2991939307728784,0.6079185472633973,0.3404029313322439,0.8301096969592274,0.764574720883499,TM7SF2/GSTM2/CBS/GNAI1/ABCA2,5
HALLMARK_HEME_METABOLISM,HALLMARK_HEME_METABOLISM,12/228,200/4384,0.06,1.1536842105263156,0.5210312835095317,0.3458790403996781,0.8301096969592274,0.764574720883499,RAP1GAP/ALDH6A1/LAMP2/HBZ/ALAD/EPOR/CCDC28A/SIDT2/NNT/MXI1/ASNS/ALDH1L1,12
HALLMARK_UV_RESPONSE_UP,HALLMARK_UV_RESPONSE_UP,9/228,158/4384,0.056962025316455694,1.09526982011992,0.2856501995096442,0.43894403372166535,0.9796330500181251,0.9022935987009049,IGFBP2/COL2A1/PLCL1/BCL2L11/ASNS/RET/GPX3/CDO1/NPTXR,9
HALLMARK_APICAL_JUNCTION,HALLMARK_APICAL_JUNCTION,11/228,200/4384,0.055,1.057543859649123,0.19508933903096617,0.46940750313368496,0.9796330500181251,0.9022935987009049,NRTN/TMEM8B/EGFR/CLDN19/CADM2/EVL/GNAI1/NRAP/ALOX15B/INSIG1/ADRA1B,11
HALLMARK_GLYCOLYSIS,HALLMARK_GLYCOLYSIS,11/228,200/4384,0.055,1.057543859649123,0.19508933903096617,0.46940750313368496,0.9796330500181251,0.9022935987009049,XYLT2/B3GAT1/EGFR/IDUA/FBP2/GPC3/NDST3/MXI1/PLOD2/TKTL1/PGAM2,11
HALLMARK_PROTEIN_SECRETION,HALLMARK_PROTEIN_SECRETION,5/228,96/4384,0.052083333333333336,1.0014619883040936,0.003392091165857347,0.5647778484475419,0.999982243599621,0.921036276999651,SH3GL2/STX12/LAMP2/EGFR/BNIP3,5
HALLMARK_HEDGEHOG_SIGNALING,HALLMARK_HEDGEHOG_SIGNALING,2/228,36/4384,0.05555555555555555,1.0682261208576997,0.09626591681336287,0.5660276599896048,0.999982243599621,0.921036276999651,CDK6/CELSR1,2
HALLMARK_ADIPOGENESIS,HALLMARK_ADIPOGENESIS,10/228,200/4384,0.05,0.9614035087719299,-0.1308526054475993,0.5995478104326678,0.999982243599621,0.921036276999651,PTGER3/VEGFB/REEP5/FZD4/LIFR/ACADL/PDCD4/ORM1/SORBS1/GPX3,10
HALLMARK_IL2_STAT5_SIGNALING,HALLMARK_IL2_STAT5_SIGNALING,9/228,199/4384,0.04522613065326633,0.8696112139645596,-0.44089425345598404,0.7173871845759929,0.999982243599621,0.921036276999651,APLP1/IGF1R/GABARAPL1/LRIG1/GADD45B/RORA/PTH1R/DENND5A/S100A1,9
HALLMARK_KRAS_SIGNALING_UP,HALLMARK_KRAS_SIGNALING_UP,9/228,200/4384,0.045,0.8652631578947368,-0.4567945499261648,0.7229398252424327,0.999982243599621,0.921036276999651,G0S2/NIN/ITGBL1/IL33/TRIB2/SATB1/KIF5C/PLVAP/GABRA3,9
HALLMARK_REACTIVE_OXYGEN_SPECIES_PATHWAY,HALLMARK_REACTIVE_OXYGEN_SPECIES_PATHWAY,2/228,49/4384,0.04081632653061224,0.7848191908342284,-0.3547500087116222,0.7323929321901219,0.999982243599621,0.921036276999651,HMOX2/GPX3,2
HALLMARK_APOPTOSIS,HALLMARK_APOPTOSIS,7/228,161/4384,0.043478260869565216,0.8360030511060259,-0.49653921683819857,0.7419416681418682,0.999982243599621,0.921036276999651,GADD45B/PDCD4/BCL2L11/SATB1/F2/TIMP3/GPX3,7
HALLMARK_MYC_TARGETS_V2,HALLMARK_MYC_TARGETS_V2,2/228,58/4384,0.034482758620689655,0.663036902601331,-0.6050182432341027,0.8131170129659413,0.999982243599621,0.921036276999651,NIP7/TCOF1,2
HALLMARK_NOTCH_SIGNALING,HALLMARK_NOTCH_SIGNALING,1/228,32/4384,0.03125,0.6008771929824561,-0.5307041460673498,0.8200918436542532,0.999982243599621,0.921036276999651,ST3GAL6,1
HALLMARK_MTORC1_SIGNALING,HALLMARK_MTORC1_SIGNALING,8/228,200/4384,0.04,0.7691228070175439,-0.7827364944047303,0.8271832922994036,0.999982243599621,0.921036276999651,GGA2/TM7SF2/NUPR1/IGFBP5/PLOD2/ASNS/PHGDH/INSIG1,8
HALLMARK_PI3K_AKT_MTOR_SIGNALING,HALLMARK_PI3K_AKT_MTOR_SIGNALING,3/228,105/4384,0.02857142857142857,0.5493734335839598,-1.0946006139256226,0.9174627974796399,0.999982243599621,0.921036276999651,EGFR/PRKAA2/VAV3,3
HALLMARK_SPERMATOGENESIS,HALLMARK_SPERMATOGENESIS,4/228,135/4384,0.02962962962962963,0.5697205977907732,-1.1892946484737308,0.9278297691516255,0.999982243599621,0.921036276999651,HBZ/PACRG/TKTL1/GSTM3,4
HALLMARK_INFLAMMATORY_RESPONSE,HALLMARK_INFLAMMATORY_RESPONSE,6/228,200/4384,0.03,0.5768421052631578,-1.4346203833618614,0.9546088825827451,0.999982243599621,0.921036276999651,KCNMB2/SLC1A2/HPN/GPC3/ADM/EDN1,6
HALLMARK_TNFA_SIGNALING_VIA_NFKB,HALLMARK_TNFA_SIGNALING_VIA_NFKB,6/228,200/4384,0.03,0.5768421052631578,-1.4346203833618614,0.9546088825827451,0.999982243599621,0.921036276999651,GADD45B/G0S2/SGK1/ZBTB10/DENND5A/EDN1,6
HALLMARK_DNA_REPAIR,HALLMARK_DNA_REPAIR,4/228,150/4384,0.02666666666666667,0.512748538011696,-1.4221281824208871,0.9581177741465081,0.999982243599621,0.921036276999651,SMAD5/NME3/VPS37D/ADA,4
HALLMARK_MITOTIC_SPINDLE,HALLMARK_MITOTIC_SPINDLE,5/228,199/4384,0.02512562814070352,0.483117341091422,-1.7477775578177384,0.9812174300916195,0.999982243599621,0.921036276999651,FGD4/NIN/SORBS2/BCL2L11/ARHGAP10,5
HALLMARK_OXIDATIVE_PHOSPHORYLATION,HALLMARK_OXIDATIVE_PHOSPHORYLATION,5/228,200/4384,0.025,0.48070175438596496,-1.7605623278404268,0.9818997005405651,0.999982243599621,0.921036276999651,ALDH6A1/LDHB/ACAT1/NNT/IDH2,5
HALLMARK_IL6_JAK_STAT3_SIGNALING,HALLMARK_IL6_JAK_STAT3_SIGNALING,1/228,87/4384,0.011494252873563218,0.2210123008671103,-1.7187904766287772,0.9908499321438371,0.999982243599621,0.921036276999651,LEPR,1
HALLMARK_COMPLEMENT,HALLMARK_COMPLEMENT,4/228,200/4384,0.02,0.38456140350877194,-2.0865042723189924,0.9942105298421009,0.999982243599621,0.921036276999651,LAMP2/KCNIP3/MT3/F2,4
HALLMARK_INTERFERON_ALPHA_RESPONSE,HALLMARK_INTERFERON_ALPHA_RESPONSE,1/228,97/4384,0.010309278350515464,0.19822752758184117,-1.8701466176191246,0.9946985771797923,0.999982243599621,0.921036276999651,GMPR,1
HALLMARK_UNFOLDED_PROTEIN_RESPONSE,HALLMARK_UNFOLDED_PROTEIN_RESPONSE,1/228,113/4384,0.008849557522123894,0.17015991305697872,-2.093072326875809,0.9977922139892637,0.999982243599621,0.921036276999651,ASNS,1
HALLMARK_ALLOGRAFT_REJECTION,HALLMARK_ALLOGRAFT_REJECTION,3/228,200/4384,0.015,0.2884210526315789,-2.4124462167975578,0.9986099328006192,0.999982243599621,0.921036276999651,EGFR/CD3E/F2,3
HALLMARK_G2M_CHECKPOINT,HALLMARK_G2M_CHECKPOINT,2/228,200/4384,0.01,0.19228070175438597,-2.738388161276123,0.9997776209417277,0.999982243599621,0.921036276999651,DMD/MT2A,2
HALLMARK_E2F_TARGETS,HALLMARK_E2F_TARGETS,1/228,200/4384,0.005,0.09614035087719298,-3.0643301057546886,0.999982243599621,0.999982243599621,0.921036276999651,WDR90,1
HALLMARK_INTERFERON_GAMMA_RESPONSE,HALLMARK_INTERFERON_GAMMA_RESPONSE,1/228,200/4384,0.005,0.09614035087719298,-3.0643301057546886,0.999982243599621,0.999982243599621,0.921036276999651,MT2A,1
