category,subcategory,ID,Description,GeneRatio,BgRatio,RichFactor,FoldEnrichment,zScore,pvalue,p.adjust,qvalue,geneID,Count
Organismal Systems,Digestive system,hsa04971,Gastric acid secretion,19/461,76/9423,0.25,5.110086767895878,8.159080311520754,2.5002985720613707e-9,7.875940501993317e-7,7.027154934109326e-7,115111/887/3776/9992/3773/496/1131/495/389015/3772/6522/2770/107/3784/5567/482/3766/6752/816,19
Organismal Systems,Digestive system,hsa04978,Mineral absorption,16/461,61/9423,0.26229508196721313,5.361402510579283,7.750439155490027,2.1971759059486296e-8,3.4605520518690916e-6,3.0876103520436008e-6,3163/4494/4501/4490/4499/4495/4493/115019/7018/4502/6543/4496/482/6550/55503/9843,16
Environmental Information Processing,Signaling molecules and interaction,hsa04081,Hormone signaling,27/461,219/9423,0.1232876712328767,2.5200427896472823,5.161894319637307,8.232883662307015e-6,7.186408559598763e-4,6.411933451672079e-4,1816/3480/887/2690/886/51738/1442/4090/3953/11069/2057/2797/4883/2770/107/5567/4093/5745/117247/10267/6752/4161/147/2981/154/269/9843,27
Organismal Systems,Digestive system,hsa04974,Protein digestion and absorption,17/461,103/9423,0.1650485436893204,3.373649516669124,5.493470443783,9.125598170919064e-6,7.186408559598763e-4,6.411933451672079e-4,643834/1358/1280/256076/63036/1286/3784/3769/51032/1287/6543/482/117247/6550/23436/10136/5644,17
Environmental Information Processing,Signaling molecules and interaction,hsa04080,Neuroactive ligand-receptor interaction,37/461,371/9423,0.09973045822102426,2.0385251796457955,4.628617102834791,2.6801715775363645e-5,0.0016885080938479097,0.0015065385498993882,1816/5733/2893/887/2690/886/51738/2566/1442/1131/3953/727/2892/5030/2797/3354/255061/133/6344/339403/2562/1129/2147/100169851/5745/130576/6752/83551/2561/4161/147/1906/154/1903/2556/4852/5644,37
Metabolism,Glycan biosynthesis and metabolism,hsa00603,Glycosphingolipid biosynthesis - globo and isoglobo series,6/461,16/9423,0.375,7.665130151843818,6.051493854651398,6.984034085934092e-5,0.0036666178951153985,0.003271468598148075,2523/6482/26301/8706/53947/10690,6
Environmental Information Processing,Signaling molecules and interaction,hsa04082,Neuroactive ligand signaling,23/461,199/9423,0.11557788944723618,2.3624521741026174,4.405626747536421,1.0569552417717145e-4,0.004756298587972715,0.004243715030872899,1816/2893/6506/2566/1131/2892/5030/6530/3354/2770/255061/107/2562/1129/5567/6571/2561/147/154/60482/9152/2556/285242,23
Organismal Systems,Digestive system,hsa04972,Pancreatic secretion,15/461,103/9423,0.14563106796116504,2.9767495735315794,4.574902604911452,1.3487685090832527e-4,0.005310776004515308,0.00473843673585827,886/1358/1131/6262/6522/5319/63036/6344/107/3784/51032/482/23436/10136/5644,15
Organismal Systems,Sensory system,hsa04742,Taste transduction,12/461,86/9423,0.13953488372093023,2.8521414518488624,3.9132648380913486,9.19236534699374e-4,0.03217327871447809,0.028705983013419048,5153/1131/5030/3354/6338/6340/5567/259290/6326/259285/2556/285242,12
Metabolism,Energy metabolism,hsa00910,Nitrogen metabolism,5/461,17/9423,0.29411764705882354,6.0118667857598576,4.690736478781766,0.0010395945641937738,0.03274722877210387,0.02921807880418291,2752/768/762/767/771,5
Organismal Systems,Circulatory system,hsa04261,Adrenergic signaling in cardiomyocytes,17/461,154/9423,0.11038961038961038,2.2564019494605176,3.5652670362123424,0.0013783655229051128,0.03947137633773732,0.035217568862743076,3776/5523/55799/64208/11069/6262/2770/9254/107/3784/7169/5567/6543/482/147/154/816,17
Metabolism,Glycan biosynthesis and metabolism,hsa00601,Glycosphingolipid biosynthesis - lacto and neolacto series,6/461,28/9423,0.21428571428571427,4.380074372482182,4.062341435225051,0.0019916942749747053,0.05099242748927459,0.0454970029728866,2523/8706/53947/10402/2651/10690,6
Metabolism,Metabolism of other amino acids,hsa00480,Glutathione metabolism,9/461,59/9423,0.15254237288135594,3.1180190448178244,3.7012183533204053,0.002104449388446253,0.05099242748927459,0.0454970029728866,2940/2946/2941/2686/3418/2953/653689/2947/2878,9
Environmental Information Processing,Signal transduction,hsa04350,TGF-beta signaling pathway,13/461,110/9423,0.11818181818181818,2.4156773811871424,3.387157388817787,0.0026892909488906,0.05804769708396573,0.05179193023030526,8200/79875/285704/4090/93/64388/2331/7018/10468/4093/7043/3400/269,13
Metabolism,Xenobiotics biodegradation and metabolism,hsa00982,Drug metabolism - cytochrome P450,10/461,73/9423,0.136986301369863,2.800047544052536,3.501540416963974,0.0027704062198532406,0.05804769708396573,0.05179193023030526,2940/2946/1558/2941/131/2953/653689/2327/2947/218,10
Organismal Systems,Endocrine system,hsa04911,Insulin secretion,11/461,86/9423,0.12790697674418605,2.614462997528124,3.4110900516371094,0.003014550807829248,0.05804769708396573,0.05179193023030526,10242/886/1131/11069/6262/107/6833/5567/482/3767/816,11
Human Diseases,Cardiovascular disease,hsa05410,Hypertrophic cardiomyopathy,12/461,99/9423,0.12121212121212122,2.4776178268586078,3.351954615548601,0.0031327328584997375,0.05804769708396573,0.05179193023030526,4607/6641/55799/1756/3908/6262/5563/9254/7169/6543/7043/1906,12
Environmental Information Processing,Signaling molecules and interaction,hsa04518,Integrin signaling,16/461,154/9423,0.1038961038961039,2.123672423021664,3.188623076412922,0.0034989647209015266,0.05818323686312637,0.05191286296559646,2243/2244/2266/3480/7423/80310/1101/1280/1956/3908/341640/256076/3913/1286/22798/1287,16
Environmental Information Processing,Signal transduction,hsa04024,cAMP signaling pathway,21/461,226/9423,0.09292035398230089,1.8993242854126275,3.103608913464038,0.003509465080633019,0.05818323686312637,0.05191286296559646,1816/5733/2893/3776/51738/64208/11069/2892/6262/3354/2770/107/1129/5567/482/10451/6752/1906/154/816/4852,21
Organismal Systems,Nervous system,hsa04727,GABAergic synapse,11/461,89/9423,0.12359550561797752,2.5263350313193107,3.281183506718941,0.003946959351384331,0.062164609784303215,0.055465165622085075,23710/2752/2566/5334/2770/107/2562/27165/5567/2561/2556,11
Metabolism,Xenobiotics biodegradation and metabolism,hsa00980,Metabolism of xenobiotics by cytochrome P450,10/461,79/9423,0.12658227848101267,2.587385705263736,3.2132842009072076,0.004951177409807257,0.07275994353799292,0.06491864636472552,2940/2946/2941/246181/6822/131/2953/653689/2947/218,10
Human Diseases,Cardiovascular disease,hsa05414,Dilated cardiomyopathy,12/461,105/9423,0.11428571428571428,2.33603966532383,3.1222824742914135,0.005081646850272521,0.07275994353799292,0.06491864636472552,4607/6641/55799/1756/3908/6262/9254/107/7169/5567/6543/7043,12
Environmental Information Processing,Signal transduction,hsa04020,Calcium signaling pathway,22/461,254/9423,0.08661417322834646,1.7704237621056587,2.822962337335214,0.006567813060021521,0.08995048321333822,0.0802565714885925,1816/5733/887/7423/5153/886/2066/80310/1956/4773/1131/6262/5533/107/1129/26281/5979/5567/6543/147/154/816,22
Human Diseases,Cancer: specific types,hsa05225,Hepatocellular carcinoma,16/461,170/9423,0.09411764705882353,1.9237973714431542,2.7566361343385326,0.00901980149293667,0.11838489459479379,0.10562662274623207,6604/3480/8322/2940/2946/1956/4616/1021/10297/2941/7475/7043/2953/8325/653689/2947,16
Organismal Systems,Excretory system,hsa04960,Aldosterone-regulated sodium reabsorption,6/461,38/9423,0.15789473684210525,3.227423221828976,3.1203042723712584,0.009661374180199502,0.12156137351931756,0.10846077436811291,53828/23327/6446/6338/6340/482,6
Organismal Systems,Endocrine system,hsa04916,Melanogenesis,11/461,101/9423,0.10891089108910891,2.2261764137368183,2.809820899049516,0.010184973921209532,0.12156137351931756,0.10846077436811291,8322/7475/2770/4254/3815/107/4286/5567/8325/1906/816,11
Metabolism,Global and overview maps,hsa01230,Biosynthesis of amino acids,9/461,75/9423,0.12,2.4528416485900215,2.864897602399021,0.01057852198711075,0.12156137351931756,0.10846077436811291,587/84706/2752/875/8277/3418/440/5224/26227,9
Environmental Information Processing,Signal transduction,hsa04151,PI3K-Akt signaling pathway,28/461,362/9423,0.07734806629834254,1.5810213204539734,2.5566885821921947,0.010805455423939339,0.12156137351931756,0.10846077436811291,3480/7423/4902/2690/5523/2066/80310/1101/1280/1442/1956/1021/3908/2057/5563/256076/6446/5623/3913/10018/4254/1286/3815/1129/22798/26281/5979/1287,28
Environmental Information Processing,Signal transduction,hsa04310,Wnt signaling pathway,16/461,178/9423,0.0898876404494382,1.837334568232226,2.5578502034820008,0.013648927008555904,0.14612070703401375,0.13037336266693964,8322/4773/10297/9620/5533/23500/7475/6907/84133/5567/57216/8325/166336/147495/816/22943,16
Human Diseases,Substance dependence,hsa05033,Nicotine addiction,6/461,41/9423,0.14634146341463414,2.9912703031585632,2.8979705907887254,0.013916257812763216,0.14612070703401375,0.13037336266693964,2893/2566/2892/2562/2561/2556,6
Metabolism,Glycan biosynthesis and metabolism,hsa00532,Glycosaminoglycan biosynthesis - chondroitin sulfate / dermatan sulfate,4/461,21/9423,0.19047619047619047,3.893399442206383,3.0104225620084706,0.017435103164416054,0.17716314505777606,0.15807037503901822,64132/9469/50515/55790,4
Human Diseases,Cancer: overview,hsa05204,Chemical carcinogenesis - DNA adducts,8/461,70/9423,0.11428571428571428,2.33603966532383,2.544558545810166,0.02038899634606737,0.20070418278160065,0.17907440869736801,2940/2946/1558/2941/6822/2953/653689/2947,8
Organismal Systems,Excretory system,hsa04964,Proximal tubule bicarbonate reclamation,4/461,23/9423,0.17391304347826086,3.5548429689710455,2.7821705286705907,0.023890193359375353,0.22804275479403746,0.2034667185631011,762/27165/482/6550,4
Organismal Systems,Endocrine system,hsa04923,Regulation of lipolysis in adipocytes,7/461,60/9423,0.11666666666666667,2.38470715835141,2.4403133382273148,0.02636607925945904,0.24427396960969408,0.21794870471441377,5733/50486/2770/107/5567/154/4852,7
Genetic Information Processing,Information processing in viruses,hsa03272,Virion - Hepatitis viruses,6/461,48/9423,0.125,2.555043383947939,2.4496104903257425,0.028560792410536565,0.25704713169482907,0.2293453104846094,3920/1956/149461/644672/6554/100132463,6
Environmental Information Processing,Signaling molecules and interaction,hsa04512,ECM-receptor interaction,9/461,89/9423,0.10112359550561797,2.067001389261254,2.2937476296171084,0.02951650599200046,0.25826942743000403,0.23043588011298607,1101/1280/3908/341640/256076/3913/1286/22798/1287,9
Organismal Systems,Digestive system,hsa04976,Bile secretion,9/461,90/9423,0.1,2.0440347071583513,2.25707037732416,0.031437862185943154,0.26691426974497207,0.23814907275491248,361/6522/6822/6344/107/6554/5567/482/6550,9
Metabolism,Amino acid metabolism,hsa00250,"Alanine, aspartate and glutamate metabolism",5/461,37/9423,0.13513513513513514,2.7622090637275023,2.4357771980531346,0.032858628740605765,0.26691426974497207,0.23814907275491248,84706/2752/339983/27165/440,5
Human Diseases,Substance dependence,hsa05032,Morphine addiction,9/461,91/9423,0.0989010989010989,2.0215727872994687,2.2208651522543366,0.033444537675559695,0.26691426974497207,0.23814907275491248,5153/8622/2566/2770/107/2562/5567/2561/2556,9
Organismal Systems,Endocrine system,hsa03320,PPAR signaling pathway,8/461,77/9423,0.1038961038961039,2.123672423021664,2.245389770231448,0.03389387552317106,0.26691426974497207,0.23814907275491248,440503/10873/33/2170/116519/729359/10580/5360,8
Cellular Processes,Cell motility,hsa04820,Cytoskeleton in muscle cells,18/461,233/9423,0.07725321888412018,1.579082606388426,2.02992628943107,0.03677940396142007,0.28175612761302854,0.25139143215598536,4607/1158/6641/1756/23345/3908/23500/256076/4892/1286/10529/1466/7169/1287/482/442721/2192/4811,18
Organismal Systems,Digestive system,hsa04970,Salivary secretion,9/461,93/9423,0.0967741935483871,1.9780981037016303,2.149822541006919,0.03771990618616288,0.28175612761302854,0.25139143215598536,1131/6522/107/5567/482/147/55503/154/4586,9
Organismal Systems,Endocrine system,hsa04921,Oxytocin signaling pathway,13/461,154/9423,0.08441558441558442,1.7254838437051017,2.0586911970146606,0.03851105542623682,0.28175612761302854,0.25139143215598536,55799/100134444/1956/4773/6262/3768/5563/5533/2770/9254/107/5567/816,13
Metabolism,Metabolism of cofactors and vitamins,hsa00670,One carbon pool by folate,5/461,39/9423,0.1282051282051282,2.620557316869681,2.2999703790874317,0.040110732414469566,0.28175612761302854,0.25139143215598536,27232/875/160428/1757/10840,5
Human Diseases,Endocrine and metabolic disease,hsa04934,Cushing syndrome,13/461,155/9423,0.08387096774193549,1.7143516898747464,2.0337822647349206,0.04025087537328979,0.28175612761302854,0.25139143215598536,3776/8322/8622/1956/1021/10297/7475/2770/107/5567/8325/51655/816,13
Metabolism,Amino acid metabolism,hsa00270,Cysteine and methionine metabolism,6/461,54/9423,0.1111111111111111,2.2711496746203905,2.124547737561523,0.047173390257026965,0.31671464152531065,0.28258248717546514,587/27232/3945/875/26227/1036,6
Metabolism,Metabolism of other amino acids,hsa00430,Taurine and hypotaurine metabolism,3/461,17/9423,0.17647058823529413,3.6071200714559146,2.4400714836414537,0.04745404732959602,0.31671464152531065,0.28258248717546514,2686/2327/1036,3
Metabolism,Amino acid metabolism,hsa00260,"Glycine, serine and threonine metabolism",5/461,41/9423,0.12195121951219512,2.4927252526321357,2.172419221736937,0.048261278708618766,0.31671464152531065,0.28258248717546514,27232/875/1757/5224/26227,5
Organismal Systems,Nervous system,hsa04725,Cholinergic synapse,10/461,115/9423,0.08695652173913043,1.7774214844855227,1.902377996700335,0.05474596643824458,0.3428693051904853,0.30591847781406706,100134444/1131/3768/2770/107/3784/1129/5567/60482/816,10
Organismal Systems,Nervous system,hsa04726,Serotonergic synapse,10/461,115/9423,0.08695652173913043,1.7774214844855227,1.902377996700335,0.05474596643824458,0.3428693051904853,0.30591847781406706,1558/3354/2770/2562/247/5567/6571/2561/260293/285242,10
Metabolism,Global and overview maps,hsa01200,Carbon metabolism,10/461,116/9423,0.08620689655172414,1.7620988854813375,1.8730743084626715,0.057427103911573935,0.3428693051904853,0.30591847781406706,4329/10873/84706/9104/8789/38/8277/3418/5224/26227,10
Organismal Systems,Nervous system,hsa04724,Glutamatergic synapse,10/461,116/9423,0.08620689655172414,1.7620988854813375,1.8730743084626715,0.057427103911573935,0.3428693051904853,0.30591847781406706,2893/2752/6506/9455/2892/5533/2770/107/27165/5567,10
Human Diseases,Cancer: overview,hsa05230,Central carbon metabolism in cancer,7/461,71/9423,0.09859154929577464,2.015245485930769,1.947455466925185,0.05777822440968445,0.3428693051904853,0.30591847781406706,1956/3945/3815/27165/3418/5979/5224,7
Human Diseases,Cardiovascular disease,hsa05412,Arrhythmogenic right ventricular cardiomyopathy,8/461,86/9423,0.09302325581395349,1.9014276345659082,1.904565692274392,0.05877759517551177,0.3428693051904853,0.30591847781406706,1000/6641/55799/1756/3908/6262/9254/6543,8
Environmental Information Processing,Signal transduction,hsa04068,FoxO signaling pathway,11/461,133/9423,0.08270676691729323,1.690555020958035,1.8190129615065342,0.06098392937397738,0.34927159550550685,0.31163079699238205,3480/23710/1956/4616/9455/664/6517/5563/6446/10018/7043,11
Human Diseases,Infectious disease: parasitic,hsa05146,Amoebiasis,9/461,103/9423,0.08737864077669903,1.7860497441189478,1.8191990882968088,0.06466033441090414,0.3605504122546916,0.3216941021620807,3908/3913/1286/338382/107/22798/5567/1287/7043,9
Human Diseases,Cancer: specific types,hsa05218,Melanoma,7/461,73/9423,0.0958904109589041,1.960033280836775,1.8675036365497146,0.06524245555084895,0.3605504122546916,0.3216941021620807,3480/80310/1956/4616/1021/4286/26281,7
Organismal Systems,Immune system,hsa04610,Complement and coagulation cascades,8/461,89/9423,0.0898876404494382,1.837334568232226,1.8000296910661922,0.06910577467690315,0.37531584522800854,0.3348682729352657,2243/2244/2266/727/5104/3053/2147/5624,8
Organismal Systems,Endocrine system,hsa04918,Thyroid hormone synthesis,7/461,75/9423,0.09333333333333334,1.907765726681128,1.790047701642293,0.07326376943842937,0.39115402327297033,0.34899957966209894,53905/213/107/5567/482/2878/7276,7
Organismal Systems,Environmental adaptation,hsa04710,Circadian rhythm,4/461,34/9423,0.11764705882352941,2.4047467143039425,1.8610042151539647,0.0824946243678206,0.4330967779310581,0.38642218782821225,5563/6097/6095/1628,4
Metabolism,Amino acid metabolism,hsa00340,Histidine metabolism,3/461,22/9423,0.13636363636363635,2.7873200552159334,1.9034706532294918,0.08995882474808072,0.46454147205976104,0.41447810539667906,3067/57571/218,3
Cellular Processes,Cellular community - eukaryotes,hsa04550,Signaling pathways regulating pluripotency of stem cells,11/461,144/9423,0.0763888888888889,1.5614154013015187,1.5396943779836887,0.0947189861872792,0.48123355885472496,0.4293712956197546,3480/8322/3977/4090/93/10297/7475/6657/4093/8325/3400,11
Environmental Information Processing,Signal transduction,hsa04015,Rap1 signaling pathway,15/461,212/9423,0.07075471698113207,1.4462509720460033,1.4904357437314069,0.09634379583505114,0.4817189791752557,0.429804402472158,5909/3480/7423/80310/1956/11069/51466/5587/2770/4254/3815/107/22808/26281/10451,15
Metabolism,Amino acid metabolism,hsa00220,Arginine biosynthesis,3/461,23/9423,0.13043478260869565,2.6661322267282843,1.814383128188366,0.09986911945638659,0.49154332232440273,0.43856998182327667,84706/2752/27165,3
Organismal Systems,Environmental adaptation,hsa04713,Circadian entrainment,8/461,97/9423,0.08247422680412371,1.6858018203367846,1.5397717164899651,0.10176112640229312,0.4931500741034205,0.4400035748892675,2893/2892/6262/2770/107/5567/51655/816,8
Metabolism,Xenobiotics biodegradation and metabolism,hsa00983,Drug metabolism - other enzymes,7/461,82/9423,0.08536585365853659,1.7449076768424954,1.5364988270048043,0.10570279439674286,0.5044906096208182,0.45012194743110606,2940/2946/4832/2941/2953/653689/2947,7
Metabolism,Glycan biosynthesis and metabolism,hsa00534,Glycosaminoglycan biosynthesis - heparan sulfate / heparin,3/461,24/9423,0.125,2.555043383947939,1.7299233024899596,0.11019440148008684,0.5157051771394203,0.46012792747276593,64132/9348/266722,3
Human Diseases,Cancer: overview,hsa05207,Chemical carcinogenesis - receptor activation,15/461,217/9423,0.06912442396313365,1.412927216929736,1.3956850727314518,0.11142184867808747,0.5157051771394203,0.46012792747276593,54852/2940/2946/1956/2941/367/2770/107/26281/5567/2953/653689/2947/164091/154,15
Metabolism,Metabolism of cofactors and vitamins,hsa00760,Nicotinate and nicotinamide metabolism,4/461,38/9423,0.10526315789473684,2.1516154812193173,1.6132500868994817,0.11312434883459402,0.5157051771394203,0.46012792747276593,23409/23530/56953/25961,4
Organismal Systems,Excretory system,hsa04961,Endocrine and other factor-regulated calcium reabsorption,5/461,53/9423,0.09433962264150944,1.9283346293946713,1.537064999390837,0.11595934345477515,0.5157051771394203,0.46012792747276593,9365/5567/6543/5745/482,5
Organismal Systems,Nervous system,hsa04728,Dopaminergic synapse,10/461,133/9423,0.07518796992481203,1.536868200870941,1.414181616766901,0.11623830976793283,0.5157051771394203,0.46012792747276593,1816/2893/5523/2892/5533/2770/5567/6571/3800/816,10
Organismal Systems,Endocrine system,hsa04924,Renin secretion,6/461,69/9423,0.08695652173913043,1.7774214844855227,1.4699479058985059,0.12048808170844644,0.5199143251802826,0.4638834580555905,5153/5533/2770/5567/1906/154,6
Human Diseases,Substance dependence,hsa05031,Amphetamine addiction,6/461,69/9423,0.08695652173913043,1.7774214844855227,1.4699479058985059,0.12048808170844644,0.5199143251802826,0.4638834580555905,2893/2892/5533/5567/6571/816,6
Cellular Processes,Cellular community - eukaryotes,hsa04510,Focal adhesion,14/461,203/9423,0.06896551724137931,1.40967910838507,1.338276706664637,0.12264750151043641,0.5220805807538847,0.4658162575147443,3480/7423/80310/1101/1280/1956/3908/5063/256076/3913/1286/22798/1287/10451,14
Organismal Systems,Circulatory system,hsa04260,Cardiac muscle contraction,7/461,87/9423,0.08045977011494253,1.6446256264492483,1.3699550389160249,0.13289729352099813,0.5526471900655526,0.49308872096074374,55799/6262/9254/84679/7169/6543/482,7
Environmental Information Processing,Signaling molecules and interaction,hsa04519,Cadherin signaling,25/461,404/9423,0.06188118811881188,1.264872962350465,1.2341520265326023,0.1333370998253397,0.5526471900655526,0.49308872096074374,3480/1000/8322/26999/2566/1956/10297/9620/23500/7475/56141/51466/126374/222662/2562/22808/57216/8325/10451/166336/353288/2561/319101/3857/2556,25
Metabolism,Carbohydrate metabolism,hsa00650,Butanoate metabolism,3/461,27/9423,0.1111111111111111,2.2711496746203905,1.5001221080302078,0.14340618862137713,0.5866616807238155,0.5234374895681162,5019/38/348158,3
Organismal Systems,Aging,hsa04211,Longevity regulating pathway,7/461,90/9423,0.07777777777777778,1.5898047722342732,1.2750829744326597,0.1507222751248354,0.601344869026496,0.53653827913141,3480/5563/8408/9365/10891/107/5567,7
Environmental Information Processing,Signal transduction,hsa04010,MAPK signaling pathway,19/461,301/9423,0.06312292358803986,1.2902544663125806,1.160744589253067,0.15258161270817513,0.601344869026496,0.53653827913141,3480/7423/4902/55799/2066/80310/1956/4616/2122/5533/5623/9254/4254/3815/22808/26281/5979/5567/7043,19
Organismal Systems,Endocrine system,hsa04922,Glucagon signaling pathway,8/461,107/9423,0.07476635514018691,1.5282502483426925,1.2463396217172686,0.15272250641942756,0.601344869026496,0.53653827913141,8789/5563/3945/5533/10891/5567/5224/816,8
Organismal Systems,Excretory system,hsa04966,Collecting duct acid secretion,3/461,28/9423,0.10714285714285714,2.190037186241091,1.43024585804474,0.15513602878045762,0.6033067785906685,0.538288754832777,496/495/155066,3
Metabolism,Lipid metabolism,hsa00071,Fatty acid degradation,4/461,43/9423,0.09302325581395349,1.9014276345659082,1.343640912885988,0.1572891647694673,0.6042205719802707,0.5391040692355298,33/10455/38/131,4
Human Diseases,Drug resistance: antineoplastic,hsa01524,Platinum drug resistance,6/461,75/9423,0.08,1.6352277657266812,1.2526227512639292,0.15995986959649958,0.607076613528884,0.5416523168327888,2940/2946/2941/2953/653689/2947,6
Metabolism,Glycan biosynthesis and metabolism,hsa00604,Glycosphingolipid biosynthesis - ganglio series,2/461,15/9423,0.13333333333333333,2.725379609544469,1.516705212359179,0.16507708323438944,0.6181375171745058,0.5515211932684814,6482/29906,2
Organismal Systems,Digestive system,hsa04975,Fat digestion and absorption,4/461,44/9423,0.09090909090909091,1.8582133701439558,1.2940852564741296,0.16679901257089838,0.6181375171745058,0.5515211932684814,8513/5319/38/1208,4
Human Diseases,Cancer: specific types,hsa05222,Small cell lung cancer,7/461,93/9423,0.07526881720430108,1.5385207473234903,1.1836481811124087,0.16960000242170212,0.6212093111957694,0.5542619418187817,4616/1021/3908/3913/1286/22798/1287,7
Metabolism,Nucleotide metabolism,hsa00230,Purine metabolism,9/461,128/9423,0.0703125,1.4372119034707158,1.1295144937960286,0.17465394366104384,0.6233176627286272,0.556143077522284,5153/9061/8622/4832/22875/100/107/56953/2766,9
Environmental Information Processing,Membrane transport,hsa02010,ABC transporters,4/461,45/9423,0.08888888888888889,1.8169197396963124,1.2458050179731117,0.17650742168339972,0.6233176627286272,0.556143077522284,20/6833/10057/1672,4
Organismal Systems,Development and regeneration,hsa04382,Cornified envelope formation,14/461,217/9423,0.06451612903225806,1.3187320691344202,1.077307508086626,0.17684917930007585,0.6233176627286272,0.556143077522284,5523/149461/6706/644672/51702/1286/285848/126410/1287/353288/100132463/319101/3857/6271,14
Human Diseases,Drug resistance: antineoplastic,hsa01523,Antifolate resistance,3/461,30/9423,0.1,2.0440347071583513,1.2989515286064097,0.17942953516254634,0.6233176627286272,0.556143077522284,2348/10057/2352,3
Organismal Systems,Endocrine system,hsa04926,Relaxin signaling pathway,9/461,130/9423,0.06923076923076923,1.415100951109628,1.0808538625703072,0.1859112439454338,0.6233176627286272,0.556143077522284,7423/1956/2770/1286/107/339403/5567/1287/1906,9
Human Diseases,Cancer: specific types,hsa05224,Breast cancer,10/461,148/9423,0.06756756756756757,1.3811045318637512,1.0598332844788836,0.18831344476492592,0.6233176627286272,0.556143077522284,3480/8322/1956/4616/1021/10297/7475/3815/26281/8325,10
Organismal Systems,Development and regeneration,hsa04360,Axon guidance,12/461,184/9423,0.06521739130434782,1.3330661133641422,1.034776172987977,0.19025597477186412,0.6233176627286272,0.556143077522284,64221/4773/2049/5063/59277/2051/5533/2770/223117/90249/9423/816,12
Metabolism,Carbohydrate metabolism,hsa00030,Pentose phosphate pathway,3/461,31/9423,0.0967741935483871,1.9780981037016303,1.237097031374945,0.19194226439579948,0.6233176627286272,0.556143077522284,9104/8789/8277,3
Metabolism,Metabolism of other amino acids,hsa00410,beta-Alanine metabolism,3/461,31/9423,0.0967741935483871,1.9780981037016303,1.237097031374945,0.19194226439579948,0.6233176627286272,0.556143077522284,4329/57571/218,3
Metabolism,Lipid metabolism,hsa00591,Linoleic acid metabolism,3/461,31/9423,0.0967741935483871,1.9780981037016303,1.237097031374945,0.19194226439579948,0.6233176627286272,0.556143077522284,1558/5319/8398,3
Organismal Systems,Digestive system,hsa04981,Folate transport and metabolism,3/461,31/9423,0.0967741935483871,1.9780981037016303,1.237097031374945,0.19194226439579948,0.6233176627286272,0.556143077522284,2348/10057/2352,3
Human Diseases,Cancer: specific types,hsa05217,Basal cell carcinoma,5/461,63/9423,0.07936507936507936,1.622249767585993,1.1238714433369452,0.1940982320401712,0.6238871744148361,0.5566512132623601,8322/4616/10297/7475/8325,5
Human Diseases,Cancer: overview,hsa05205,Proteoglycans in cancer,13/461,204/9423,0.06372549019607843,1.3025711369146358,0.9908780687438942,0.19956287151476873,0.6349727730015369,0.5665421232795668,3480/8322/2066/1956/27250/2719/7475/22808/5567/8325/10451/7078/816,13
Cellular Processes,Transport and catabolism,hsa04136,Autophagy - other,3/461,32/9423,0.09375,1.9162825379609545,1.177519266685622,0.2046656768820917,0.6383491849287973,0.5695546612397291,23710/9706/285973,3
Cellular Processes,Transport and catabolism,hsa04140,Autophagy - animal,11/461,169/9423,0.0650887573964497,1.3304367916415305,0.9830747563855661,0.20519260340747267,0.6383491849287973,0.5695546612397291,3480/23710/3920/664/5563/8408/9706/338382/22808/5567/285973,11
Metabolism,Amino acid metabolism,hsa00280,"Valine, leucine and isoleucine degradation",4/461,48/9423,0.08333333333333333,1.7033622559652928,1.107984239216212,0.20670354559599152,0.6383491849287973,0.5695546612397291,4329/587/5019/38,4
Organismal Systems,Circulatory system,hsa04270,Vascular smooth muscle contraction,9/461,135/9423,0.06666666666666667,1.3626898047722344,0.9626328355705737,0.2153842494957066,0.6527262799241105,0.5823823449949457,10242/5319/8398/133/107/5567/10267/147/1906,9
Human Diseases,Substance dependence,hsa05030,Cocaine addiction,4/461,49/9423,0.08163265306122448,1.668599760945593,1.0641952723532908,0.21708536763125152,0.6527262799241105,0.5823823449949457,26086/2770/5567/6571,4
Metabolism,Global and overview maps,hsa01210,2-Oxocarboxylic acid metabolism,3/461,33/9423,0.09090909090909091,1.8582133701439558,1.1200540810893056,0.21757542664137017,0.6527262799241105,0.5823823449949457,587/84706/3418,3
Metabolism,Amino acid metabolism,hsa00330,Arginine and proline metabolism,4/461,50/9423,0.08,1.6352277657266812,1.02139730896845,0.22760512312362166,0.6693778322608299,0.5972393691349762,1152/1160/1158/57571,4
Metabolism,Carbohydrate metabolism,hsa00620,Pyruvate metabolism,4/461,50/9423,0.08,1.6352277657266812,1.02139730896845,0.22760512312362166,0.6693778322608299,0.5972393691349762,10873/3945/38/131,4
Metabolism,Carbohydrate metabolism,hsa00010,Glycolysis / Gluconeogenesis,5/461,67/9423,0.07462686567164178,1.5253990351927993,0.9788161098602356,0.22950097106085598,0.6693778322608299,0.5972393691349762,8789/3945/131/5224/218,5
Cellular Processes,Transport and catabolism,hsa04148,Efferocytosis,10/461,157/9423,0.06369426751592357,1.301932934495765,0.8652342630911976,0.23928045183032084,0.6848855804143346,0.611075856209281,4773/10396/2057/6446/64284/8398/338382/51761/55576/816,10
Environmental Information Processing,Signal transduction,hsa04390,Hippo signaling pathway,10/461,157/9423,0.06369426751592357,1.301932934495765,0.8652342630911976,0.23928045183032084,0.6848855804143346,0.611075856209281,8200/8322/10297/7475/126374/79981/6657/7043/8325/174,10
Environmental Information Processing,Signal transduction,hsa04371,Apelin signaling pathway,9/461,140/9423,0.06428571428571428,1.3140223117446543,0.8489847551907198,0.24655520551992138,0.6848855804143346,0.611075856209281,6262/10014/5563/2770/10891/107/22808/5567/6543,9
Environmental Information Processing,Signal transduction,hsa04152,AMPK signaling pathway,8/461,122/9423,0.06557377049180328,1.3403506276448207,0.858146018473083,0.24710718316729274,0.6848855804143346,0.611075856209281,3480/5523/3953/6517/8789/5563/8408/10891,8
Organismal Systems,Endocrine system,hsa04935,"Growth hormone synthesis, secretion and action",8/461,122/9423,0.06557377049180328,1.3403506276448207,0.858146018473083,0.24710718316729274,0.6848855804143346,0.611075856209281,3483/2690/51738/1442/2770/107/5567/6752,8
Metabolism,Metabolism of cofactors and vitamins,hsa00830,Retinol metabolism,5/461,69/9423,0.07246376811594203,1.4811845704046025,0.9098233914708452,0.24786335291185443,0.6848855804143346,0.611075856209281,1558/216/8228/145226/131,5
Cellular Processes,Transport and catabolism,hsa04137,Mitophagy - animal,7/461,105/9423,0.06666666666666667,1.3626898047722344,0.8475946114743866,0.2539928624278446,0.6957195796936613,0.6207422816314371,23710/664/8408/338382/4286/22808/285973,7
Organismal Systems,Endocrine system,hsa04920,Adipocytokine signaling pathway,5/461,70/9423,0.07142857142857142,1.4600247908273938,0.8761416619323634,0.257183801285795,0.6983870465950468,0.6231222771624979,3953/6517/5563/10891/4852,5
Human Diseases,Cardiovascular disease,hsa05418,Fluid shear stress and atherosclerosis,9/461,142/9423,0.06338028169014084,1.2955149552412084,0.8047218489678091,0.25943818043521355,0.6984874088640365,0.6232118234476115,2940/2946/93/2941/5563/2953/653689/2947/1906,9
Cellular Processes,Cellular community - eukaryotes,hsa04540,Gap junction,6/461,90/9423,0.06666666666666667,1.3626898047722344,0.7840892729869096,0.2774701337263536,0.7407041705406897,0.6608789090538485,80310/1956/2770/51807/107/5567,6
Metabolism,Glycan biosynthesis and metabolism,hsa00520,Amino sugar and nucleotide sugar metabolism,3/461,38/9423,0.07894736842105263,1.613711610914488,0.8597229941635931,0.28411194461821687,0.7497343949564053,0.6689359513896749,27159/2592/5372,3
Human Diseases,Cancer: specific types,hsa05223,Non-small cell lung cancer,5/461,73/9423,0.0684931506849315,1.400023772026268,0.7781457829402086,0.2856131028405353,0.7497343949564053,0.6689359513896749,1956/4616/1021/5979/3800,5
Environmental Information Processing,Signal transduction,hsa04022,cGMP-PKG signaling pathway,10/461,166/9423,0.060240963855421686,1.2313462091315368,0.6820258609866253,0.29462045157632466,0.7669871260044816,0.6843293655578834,10242/4773/5533/2770/107/6543/482/147/154/3764,10
Environmental Information Processing,Signaling molecules and interaction,hsa04517,IgSF CAM signaling,17/461,300/9423,0.056666666666666664,1.1582863340563991,0.6319093095948799,0.2999066112365248,0.7743490372090599,0.6908978878356525,2243/2244/2266/64221/1000/4868/5802/5803/5063/253559/84063/51807/10580/90249/10451/9423/139065,17
Environmental Information Processing,Signal transduction,hsa04072,Phospholipase D signaling pathway,9/461,149/9423,0.06040268456375839,1.2346518365386017,0.6547915841583798,0.3060524525279653,0.7774719560186216,0.6936842514852866,80310/8527/1956/11069/4254/3815/107/22808/2147,9
Organismal Systems,Nervous system,hsa04723,Retrograde endocannabinoid signaling,9/461,149/9423,0.06040268456375839,1.2346518365386017,0.6547915841583798,0.3060524525279653,0.7774719560186216,0.6936842514852866,2893/2566/2892/2770/107/2562/5567/2561/2556,9
Metabolism,Glycan biosynthesis and metabolism,hsa00515,Mannose type O-glycan biosynthesis,2/461,23/9423,0.08695652173913043,1.7774214844855227,0.8465957277061418,0.31132369684806904,0.784535716057134,0.6999867541762901,27087/10690,2
Human Diseases,Cancer: specific types,hsa05214,Glioma,5/461,76/9423,0.06578947368421052,1.3447596757620732,0.6843947686672952,0.31459047921699274,0.7864761980424818,0.7017181115366505,3480/1956/4616/1021/816,5
Organismal Systems,Endocrine system,hsa04928,"Parathyroid hormone synthesis, secretion and action",7/461,115/9423,0.06086956521739131,1.244195039139866,0.5975539377722319,0.3319176947110974,0.8232604238897298,0.7345381225682802,1956/6446/9365/2770/107/5567/5745,7
Organismal Systems,Nervous system,hsa04730,Long-term depression,4/461,60/9423,0.06666666666666667,1.3626898047722344,0.6391797448916848,0.3377923229361653,0.8312857947257193,0.7416986038154287,3480/2781/2892/2770,4
Organismal Systems,Nervous system,hsa04721,Synaptic vesicle cycle,5/461,79/9423,0.06329113924050633,1.293692852631868,0.5945112143520003,0.34392317807862416,0.839812411587338,0.7493063120929634,6506/6530/155066/6571/9152,5
Organismal Systems,Aging,hsa04213,Longevity regulating pathway - multiple species,4/461,62/9423,0.06451612903225806,1.3187320691344202,0.5710577463399257,0.3603394100575811,0.8724770378364534,0.7784506904004448,3480/5563/107/5567,4
Human Diseases,Infectious disease: viral,hsa05165,Human papillomavirus infection,18/461,333/9423,0.05405405405405406,1.1048836254910008,0.4419441699236641,0.36501109705063783,0.8724770378364534,0.7784506904004448,8322/5523/1101/1280/1956/1021/3908/10297/11317/256076/7475/3913/1286/22798/5567/1287/155066/8325,18
Organismal Systems,Excretory system,hsa04962,Vasopressin-regulated water reabsorption,3/461,44/9423,0.06818181818181818,1.3936600276079667,0.5935932199532357,0.36560942537908525,0.8724770378364534,0.7784506904004448,361/5567/398,3
Environmental Information Processing,Signal transduction,hsa04150,mTOR signaling pathway,9/461,158/9423,0.056962025316455694,1.1643235673686811,0.47241668646310575,0.36842375266810573,0.8725825721086714,0.7785448513049801,3480/8322/5563/8408/9706/7475/6446/220441/8325,9
Organismal Systems,Endocrine system,hsa04910,Insulin signaling pathway,8/461,140/9423,0.05714285714285714,1.168019832661915,0.45425522698416965,0.3779956734522968,0.8815273142417938,0.7865256237345329,6517/8789/5563/5507/9882/10891/10580/5567,8
Metabolism,Amino acid metabolism,hsa00310,Lysine degradation,4/461,64/9423,0.0625,1.2775216919739696,0.5052330366068406,0.38286631788407954,0.8815273142417938,0.7865256237345329,56950/2122/38/5352,4
Metabolism,Lipid metabolism,hsa00590,Arachidonic acid metabolism,4/461,64/9423,0.0625,1.2775216919739696,0.5052330366068406,0.38286631788407954,0.8815273142417938,0.7865256237345329,1558/5319/8398/247,4
Metabolism,Lipid metabolism,hsa00592,alpha-Linolenic acid metabolism,2/461,27/9423,0.07407407407407407,1.5140997830802603,0.6067046750907155,0.38352291658373217,0.8815273142417938,0.7865256237345329,5319/8398,2
Environmental Information Processing,Signal transduction,hsa04014,Ras signaling pathway,13/461,239/9423,0.05439330543933055,1.1118180415505678,0.3971133043220001,0.38746275432724264,0.8815273142417938,0.7865256237345329,3480/7423/80310/1956/5063/5319/4254/3815/8398/22808/26281/5567/51365,13
Metabolism,Metabolism of cofactors and vitamins,hsa00860,Porphyrin metabolism,3/461,46/9423,0.06521739130434782,1.3330661133641422,0.5135668109664427,0.3925618962573739,0.8815273142417938,0.7865256237345329,3163/210/9843,3
Organismal Systems,Endocrine system,hsa04927,Cortisol synthesis and secretion,4/461,65/9423,0.06153846153846154,1.2578675120974472,0.4731309200238822,0.3940995489605238,0.8815273142417938,0.7865256237345329,3776/8622/107/5567,4
Metabolism,Energy metabolism,hsa00920,Sulfur metabolism,1/461,10/9423,0.1,2.0440347071583513,0.7491528737329892,0.3945884168510887,0.8815273142417938,0.7865256237345329,9061,1
Human Diseases,Endocrine and metabolic disease,hsa04930,Type II diabetes mellitus,3/461,47/9423,0.06382978723404255,1.3047030045691603,0.4749374423713105,0.40593167383130513,0.8992701881226642,0.8023563583249836,6517/6833/3767,3
Environmental Information Processing,Signal transduction,hsa04012,ErbB signaling pathway,5/461,86/9423,0.05813953488372093,1.1883922716036928,0.39804133291167465,0.41273318717604657,0.8992701881226642,0.8023563583249836,2066/1956/5063/145957/816,5
Organismal Systems,Nervous system,hsa04720,Long-term potentiation,4/461,67/9423,0.05970149253731343,1.2203192281542397,0.4104537606358703,0.41646312151791665,0.8992701881226642,0.8023563583249836,5533/107/5567/816,4
Human Diseases,Cancer: specific types,hsa05215,Prostate cancer,6/461,106/9423,0.05660377358490566,1.1570007776368028,0.36866866919888314,0.4175356869642649,0.8992701881226642,0.8023563583249836,3480/2348/80310/1956/367/2352,6
Environmental Information Processing,Signal transduction,hsa04392,Hippo signaling pathway - multiple species,2/461,29/9423,0.06896551724137931,1.40967910838507,0.5011146293129606,0.4184199374328834,0.8992701881226642,0.8023563583249836,126374/79981,2
Organismal Systems,Immune system,hsa04611,Platelet activation,7/461,126/9423,0.05555555555555555,1.1355748373101953,0.3474661417451398,0.4208264971511869,0.8992701881226642,0.8023563583249836,2243/2244/2266/2770/107/5567/2147,7
Human Diseases,Cancer: specific types,hsa05210,Colorectal cancer,5/461,87/9423,0.05747126436781609,1.1747325903208916,0.37134079495333433,0.42251424711795016,0.8992701881226642,0.8023563583249836,1956/4616/10297/10018/7043,5
Metabolism,Carbohydrate metabolism,hsa00053,Ascorbate and aldarate metabolism,2/461,31/9423,0.06451612903225806,1.3187320691344202,0.4031318484699438,0.4522871229388411,0.9391357787947464,0.8379256572705007,9104/9365,2
Metabolism,Carbohydrate metabolism,hsa00630,Glyoxylate and dicarboxylate metabolism,2/461,31/9423,0.06451612903225806,1.3187320691344202,0.4031318484699438,0.4522871229388411,0.9391357787947464,0.8379256572705007,2752/38,2
Environmental Information Processing,Signal transduction,hsa04066,HIF-1 signaling pathway,6/461,110/9423,0.05454545454545454,1.1149280220863735,0.27497740965928,0.4526590262687896,0.9391357787947464,0.8379256572705007,3480/1956/3945/7018/1906/816,6
Human Diseases,Cancer: specific types,hsa05226,Gastric cancer,8/461,150/9423,0.05333333333333334,1.0901518438177875,0.25242342548615654,0.4531702805612745,0.9391357787947464,0.8379256572705007,8322/1956/4616/10297/7475/26281/7043/8325,8
Human Diseases,Infectious disease: bacterial,hsa05110,Vibrio cholerae infection,3/461,51/9423,0.058823529411764705,1.2023733571519712,0.3286561982061969,0.45841862269530476,0.9394965788514812,0.838247574113101,3784/5567/155066,3
Cellular Processes,Cell motility,hsa04810,Regulation of actin cytoskeleton,12/461,232/9423,0.05172413793103448,1.0572593312888023,0.2002757763885604,0.4639371423969868,0.9394965788514812,0.838247574113101,26999/80310/1956/1131/727/10297/5063/22808/1129/26281/2147/10451,12
Metabolism,Carbohydrate metabolism,hsa00640,Propanoate metabolism,2/461,32/9423,0.0625,1.2775216919739696,0.3566445126737396,0.468795219342624,0.9394965788514812,0.838247574113101,4329/3945,2
Metabolism,Lipid metabolism,hsa00565,Ether lipid metabolism,3/461,52/9423,0.057692307692307696,1.1792507925913565,0.2939607389289043,0.471239553836616,0.9394965788514812,0.838247574113101,255043/5319/8398,3
Organismal Systems,Endocrine system,hsa04913,Ovarian steroidogenesis,3/461,52/9423,0.057692307692307696,1.1792507925913565,0.2939607389289043,0.471239553836616,0.9394965788514812,0.838247574113101,3480/107/5567,3
Organismal Systems,Digestive system,hsa04979,Cholesterol metabolism,3/461,52/9423,0.057692307692307696,1.1792507925913565,0.2939607389289043,0.471239553836616,0.9394965788514812,0.838247574113101,27329/350/5360,3
Cellular Processes,Cellular community - eukaryotes,hsa04520,Adherens junction,5/461,93/9423,0.053763440860215055,1.0989433909453503,0.2174738212178983,0.48040478365258144,0.9457969178160197,0.8438689291792055,3480/10810/5797/1956/10580,5
Organismal Systems,Endocrine system,hsa04912,GnRH signaling pathway,5/461,93/9423,0.053763440860215055,1.0989433909453503,0.2174738212178983,0.48040478365258144,0.9457969178160197,0.8438689291792055,1956/2797/107/5567/816,5
Organismal Systems,Immune system,hsa04670,Leukocyte transendothelial migration,6/461,116/9423,0.05172413793103448,1.0572593312888023,0.14073105787193158,0.5043424444686944,0.974215326370949,0.869224702225709,11069/149461/644672/2770/10451/100132463,6
Metabolism,Glycan biosynthesis and metabolism,hsa00533,Glycosaminoglycan biosynthesis - keratan sulfate,1/461,14/9423,0.07142857142857142,1.4600247908273938,0.3906547083182613,0.5047727590085334,0.974215326370949,0.869224702225709,6482,1
Cellular Processes,Cell growth and death,hsa04114,Oocyte meiosis,7/461,138/9423,0.050724637681159424,1.0368291992832217,0.09884629802412584,0.5163425220618207,0.974215326370949,0.869224702225709,3480/9985/367/5533/107/5567/816,7
Environmental Information Processing,Signal transduction,hsa04340,Hedgehog signaling pathway,3/461,56/9423,0.05357142857142857,1.0950185931205454,0.16174165850007632,0.5210579345774544,0.974215326370949,0.869224702225709,57758/5567/2619,3
Human Diseases,Cancer: specific types,hsa05212,Pancreatic cancer,4/461,77/9423,0.05194805194805195,1.061836211510832,0.12356483429834357,0.5243431695970382,0.974215326370949,0.869224702225709,1956/4616/1021/7043,4
Human Diseases,Cancer: specific types,hsa05220,Chronic myeloid leukemia,4/461,77/9423,0.05194805194805195,1.061836211510832,0.12356483429834357,0.5243431695970382,0.974215326370949,0.869224702225709,4616/1021/2122/7043,4
Organismal Systems,Endocrine system,hsa04925,Aldosterone synthesis and secretion,5/461,98/9423,0.05102040816326531,1.0428748505909957,0.09676332429669997,0.5270931410805428,0.974215326370949,0.869224702225709,5587/107/5567/482/816,5
Metabolism,Carbohydrate metabolism,hsa00051,Fructose and mannose metabolism,2/461,36/9423,0.05555555555555555,1.1355748373101953,0.18483596373746408,0.5317307061894694,0.974215326370949,0.869224702225709,8789/5372,2
Metabolism,Glycan biosynthesis and metabolism,hsa00512,Mucin type O-glycan biosynthesis,2/461,36/9423,0.05555555555555555,1.1355748373101953,0.18483596373746408,0.5317307061894694,0.974215326370949,0.869224702225709,6482/79623,2
Human Diseases,Infectious disease: bacterial,hsa05150,Staphylococcus aureus infection,5/461,99/9423,0.050505050505050504,1.0323407611910864,0.07336454783797819,0.5362126508750531,0.974215326370949,0.869224702225709,2266/727/353288/3857/1672,5
Human Diseases,Cancer: overview,hsa05231,Choline metabolism in cancer,5/461,99/9423,0.050505050505050504,1.0323407611910864,0.07336454783797819,0.5362126508750531,0.974215326370949,0.869224702225709,10810/80310/8527/1956/60482,5
Metabolism,Carbohydrate metabolism,hsa00040,Pentose and glucuronate interconversions,2/461,37/9423,0.05405405405405406,1.1048836254910008,0.14497323199537754,0.5466517223203843,0.974215326370949,0.869224702225709,51181/9365,2
Metabolism,Amino acid metabolism,hsa00350,Tyrosine metabolism,2/461,37/9423,0.05405405405405406,1.1048836254910008,0.14497323199537754,0.5466517223203843,0.974215326370949,0.869224702225709,131/218,2
Metabolism,Global and overview maps,hsa01250,Biosynthesis of nucleotide sugars,2/461,37/9423,0.05405405405405406,1.1048836254910008,0.14497323199537754,0.5466517223203843,0.974215326370949,0.869224702225709,2592/5372,2
Human Diseases,Cancer: specific types,hsa05216,Thyroid cancer,2/461,37/9423,0.05405405405405406,1.1048836254910008,0.14497323199537754,0.5466517223203843,0.974215326370949,0.869224702225709,4616/5979,2
Metabolism,Amino acid metabolism,hsa00360,Phenylalanine metabolism,1/461,16/9423,0.0625,1.2775216919739696,0.2519711956484971,0.5521143362718821,0.974215326370949,0.869224702225709,218,1
Organismal Systems,Immune system,hsa04660,T cell receptor signaling pathway,6/461,122/9423,0.04918032786885246,1.0052629707336156,0.01326983708431898,0.5541874396524903,0.974215326370949,0.869224702225709,5523/4773/5063/5533/916/10451,6
Human Diseases,Endocrine and metabolic disease,hsa04933,AGE-RAGE signaling pathway in diabetic complications,5/461,101/9423,0.04950495049504951,1.011898369880372,0.02726547989339007,0.5542061702464472,0.974215326370949,0.869224702225709,7423/1286/1287/7043/1906,5
Human Diseases,Drug resistance: antineoplastic,hsa01521,EGFR tyrosine kinase inhibitor resistance,4/461,80/9423,0.05,1.0220173535791757,0.044852481814899176,0.5548516273696111,0.974215326370949,0.869224702225709,3480/80310/1956/10018,4
Human Diseases,Cancer: specific types,hsa05213,Endometrial cancer,3/461,59/9423,0.05084745762711865,1.0393396816059415,0.06874572347682316,0.5566944722119709,0.974215326370949,0.869224702225709,1956/4616/10297,3
Human Diseases,Immune disease,hsa05340,Primary immunodeficiency,2/461,38/9423,0.05263157894736842,1.0758077406096587,0.10619590142770448,0.5612372655260603,0.9767388875177294,0.8714763006423851,916/100,2
Metabolism,Lipid metabolism,hsa00120,Primary bile acid biosynthesis,1/461,17/9423,0.058823529411764705,1.2023733571519712,0.18940648850114267,0.5740634476760134,0.9827716631410011,0.8768589275142767,9420,1
Metabolism,Metabolism of other amino acids,hsa00450,Selenocompound metabolism,1/461,17/9423,0.058823529411764705,1.2023733571519712,0.18940648850114267,0.5740634476760134,0.9827716631410011,0.8768589275142767,9061,1
Genetic Information Processing,Information processing in viruses,hsa03273,Virion - Lassa virus and SFTS virus,1/461,17/9423,0.058823529411764705,1.2023733571519712,0.18940648850114267,0.5740634476760134,0.9827716631410011,0.8768589275142767,3920,1
Cellular Processes,Transport and catabolism,hsa04146,Peroxisome,4/461,83/9423,0.04819277108433735,0.9850769673052296,-0.03097007388217955,0.5842886447088415,0.9948698545042435,0.8876533037681974,5827/10455/3418/25961,4
Metabolism,Lipid metabolism,hsa00564,Glycerophospholipid metabolism,5/461,105/9423,0.047619047619047616,0.9733498605515958,-0.06228053365242406,0.589130385651137,0.9977208144091836,0.8901970173675924,8527/5319/8398/375775/51365,5
Organismal Systems,Digestive system,hsa04980,Cobalamin transport and metabolism,1/461,18/9423,0.05555555555555555,1.1355748373101953,0.13057363287923848,0.5949391387903402,0.9999628741350296,0.8921974516091994,6947,1
Environmental Information Processing,Signaling molecules and interaction,hsa04060,Cytokine-cytokine receptor interaction,14/461,298/9423,0.04697986577181208,0.9602847617522456,-0.15800411966023578,0.6019999808697405,0.9999628741350296,0.8921974516091994,8200/1896/2690/3977/1442/1489/3953/2057/93/6360/90865/7043/284340/269,14
Cellular Processes,Cellular community - eukaryotes,hsa04530,Tight junction,8/461,171/9423,0.04678362573099415,0.9562735472085854,-0.1308711846357915,0.6030243023114243,0.9999628741350296,0.8921974516091994,84952/149461/5563/23327/644672/51807/5567/100132463,8
Metabolism,Global and overview maps,hsa01232,Nucleotide metabolism,4/461,85/9423,0.047058823529411764,0.9618986857215771,-0.08002801180662654,0.6032759597463786,0.9999628741350296,0.8921974516091994,4832/100/56953/2766,4
Metabolism,Glycan biosynthesis and metabolism,hsa00531,Glycosaminoglycan degradation,1/461,19/9423,0.05263157894736842,1.0758077406096587,0.07501594526734645,0.6147937966337907,0.9999628741350296,0.8921974516091994,3425,1
Organismal Systems,Immune system,hsa04659,Th17 cell differentiation,5/461,109/9423,0.045871559633027525,0.9376305996139227,-0.14853754572799693,0.6225083496686962,0.9999628741350296,0.8921974516091994,4773/5533/916/6097/6095,5
Human Diseases,Endocrine and metabolic disease,hsa04931,Insulin resistance,5/461,109/9423,0.045871559633027525,0.9376305996139227,-0.14853754572799693,0.6225083496686962,0.9999628741350296,0.8921974516091994,6517/5563/5507/9882/10891,5
Metabolism,Lipid metabolism,hsa00561,Glycerolipid metabolism,3/461,66/9423,0.045454545454545456,0.9291066850719779,-0.13107759973065009,0.6333406783082939,0.9999628741350296,0.8921974516091994,8527/8513/116255,3
Human Diseases,Immune disease,hsa05321,Inflammatory bowel disease,3/461,66/9423,0.045454545454545456,0.9291066850719779,-0.13107759973065009,0.6333406783082939,0.9999628741350296,0.8921974516091994,6097/6095/7043,3
Metabolism,Lipid metabolism,hsa00100,Steroid biosynthesis,1/461,20/9423,0.05,1.0220173535791757,0.022354576128204854,0.6336772568370896,0.9999628741350296,0.8921974516091994,7108,1
Human Diseases,Infectious disease: parasitic,hsa05145,Toxoplasmosis,5/461,112/9423,0.044642857142857144,0.9125154942671212,-0.21123288633073856,0.6464539305403414,0.9999628741350296,0.8921974516091994,3908/3913/2770/22798/7043,5
Human Diseases,Cancer: overview,hsa05235,PD-L1 expression and PD-1 checkpoint pathway in cancer,4/461,90/9423,0.044444444444444446,0.9084598698481562,-0.19789812990459077,0.6483784762690781,0.9999628741350296,0.8921974516091994,1956/4773/5533/916,4
Metabolism,Metabolism of cofactors and vitamins,hsa00770,Pantothenate and CoA biosynthesis,1/461,21/9423,0.047619047619047616,0.9733498605515958,-0.027728000464038654,0.6516369276440769,0.9999628741350296,0.8921974516091994,587,1
Human Diseases,Cancer: overview,hsa05202,Transcriptional misregulation in cancer,9/461,201/9423,0.04477611940298507,0.9152394211156797,-0.27548561530087745,0.6557791722001602,0.9999628741350296,0.8921974516091994,3480/5218/4616/2892/26471/4286/51804/7704/6495,9
Human Diseases,Cardiovascular disease,hsa05416,Viral myocarditis,3/461,70/9423,0.04285714285714286,0.8760148744964363,-0.2361362606528384,0.6728024156194489,0.9999628741350296,0.8921974516091994,6641/1756/3908,3
Environmental Information Processing,Signaling molecules and interaction,hsa04514,Cell adhesion molecule (CAM) interaction,7/461,160/9423,0.04375,0.8942651843817787,-0.3059297518645693,0.672959270037087,0.9999628741350296,0.8921974516091994,1000/5797/5802/149461/644672/139065/100132463,7
Organismal Systems,Immune system,hsa04658,Th1 and Th2 cell differentiation,4/461,93/9423,0.043010752688172046,0.8791547127562802,-0.26561335872935693,0.6737555765502323,0.9999628741350296,0.8921974516091994,4773/11317/5533/916,4
Organismal Systems,Endocrine system,hsa04915,Estrogen signaling pathway,6/461,139/9423,0.04316546762589928,0.8823171397805833,-0.31700972998997,0.6809568426619688,0.9999628741350296,0.8921974516091994,1956/2770/107/5567/353288/3857,6
Human Diseases,Infectious disease: bacterial,hsa05120,Epithelial cell signaling in Helicobacter pylori infection,3/461,71/9423,0.04225352112676056,0.8636766368274724,-0.2614970295943478,0.6821659572379558,0.9999628741350296,0.8921974516091994,1956/5803/155066,3
Cellular Processes,Transport and catabolism,hsa04144,Endocytosis,11/461,250/9423,0.044,0.8993752711496745,-0.3657114632495546,0.6851557745094943,0.9999628741350296,0.8921974516091994,6456/3480/2348/9829/1956/55616/155382/23327/118813/3800/2352,11
Metabolism,Glycan biosynthesis and metabolism,hsa00514,Other types of O-glycan biosynthesis,2/461,49/9423,0.04081632653061224,0.8342998804727965,-0.26374117092090094,0.6993556338610918,0.9999628741350296,0.8921974516091994,79623/727936,2
Metabolism,Metabolism of terpenoids and polyketides,hsa00900,Terpenoid backbone biosynthesis,1/461,24/9423,0.041666666666666664,0.8516811279826464,-0.1649987875260693,0.7004133132696827,0.9999628741350296,0.8921974516091994,38,1
Organismal Systems,Immune system,hsa04666,Fc gamma R-mediated phagosome formation,4/461,98/9423,0.04081632653061224,0.8342998804727965,-0.37396502100417944,0.7131750422486134,0.9999628741350296,0.8921974516091994,10810/55616/8398/10451,4
Human Diseases,Neurodegenerative disease,hsa05017,Spinocerebellar ataxia,6/461,144/9423,0.041666666666666664,0.8516811279826464,-0.40676784581360936,0.7134321059459893,0.9999628741350296,0.8921974516091994,2892/8408/11317/9706/146227/6095,6
Cellular Processes,Cell growth and death,hsa04115,p53 signaling pathway,3/461,75/9423,0.04,0.8176138828633406,-0.35965209987116237,0.7176231675847464,0.9999628741350296,0.8921974516091994,56475/4616/1021,3
Organismal Systems,Endocrine system,hsa04919,Thyroid hormone signaling pathway,5/461,122/9423,0.040983606557377046,0.8377191422780128,-0.40916825361006304,0.7191160308296884,0.9999628741350296,0.8921974516091994,9882/10231/5567/482/117247,5
Human Diseases,Drug resistance: antineoplastic,hsa01522,Endocrine resistance,4/461,99/9423,0.04040404040404041,0.8258726089528693,-0.39500546183496793,0.7206260903064476,0.9999628741350296,0.8921974516091994,3480/1956/107/5567,4
Organismal Systems,Sensory system,hsa04750,Inflammatory mediator regulation of TRP channels,4/461,99/9423,0.04040404040404041,0.8258726089528693,-0.39500546183496793,0.7206260903064476,0.9999628741350296,0.8921974516091994,8398/107/5567/816,4
Environmental Information Processing,Signal transduction,hsa04630,JAK-STAT signaling pathway,7/461,168/9423,0.041666666666666664,0.8516811279826464,-0.4399287919687584,0.7213592379067533,0.9999628741350296,0.8921974516091994,2690/3977/1442/1956/1489/3953/2057,7
Organismal Systems,Immune system,hsa04640,Hematopoietic cell lineage,4/461,100/9423,0.04,0.8176138828633406,-0.4158469096390332,0.7279333706557172,0.9999628741350296,0.8921974516091994,2057/916/4254/3815,4
Human Diseases,Endocrine and metabolic disease,hsa04950,Maturity onset diabetes of the young,1/461,26/9423,0.038461538461538464,0.7861671950609045,-0.24762012371346248,0.7290822076947727,0.9999628741350296,0.8921974516091994,5078,1
Metabolism,Carbohydrate metabolism,hsa00562,Inositol phosphate metabolism,3/461,78/9423,0.038461538461538464,0.7861671950609045,-0.43008225503946657,0.7421498639656616,0.9999628741350296,0.8921974516091994,4329/117283/5288,3
Human Diseases,Infectious disease: parasitic,hsa05142,Chagas disease,4/461,103/9423,0.038834951456310676,0.7937998862750879,-0.477220508882061,0.748998177638962,0.9999628741350296,0.8921974516091994,916/2770/107/7043,4
Metabolism,Lipid metabolism,hsa00600,Sphingolipid metabolism,2/461,55/9423,0.03636363636363636,0.7432853480575823,-0.43304008888987655,0.7582442847633708,0.9999628741350296,0.8921974516091994,79603/768239,2
Human Diseases,Infectious disease: bacterial,hsa05134,Legionellosis,2/461,56/9423,0.03571428571428571,0.7300123954136969,-0.4595757683430619,0.7670289643998864,0.9999628741350296,0.8921974516091994,664/1917,2
Organismal Systems,Sensory system,hsa04744,Phototransduction,1/461,29/9423,0.034482758620689655,0.704839554192535,-0.3610367586760896,0.7670341981359176,0.9999628741350296,0.8921974516091994,9626,1
Metabolism,Global and overview maps,hsa01240,Biosynthesis of cofactors,6/461,154/9423,0.03896103896103896,0.796377158633124,-0.5778165215812819,0.7713728806698479,0.9999628741350296,0.8921974516091994,587/9104/210/4832/5372/145226,6
Human Diseases,Infectious disease: bacterial,hsa05130,Pathogenic Escherichia coli infection,8/461,201/9423,0.03980099502487562,0.8135461521028264,-0.6060052171572776,0.7739913160262452,0.9999628741350296,0.8921974516091994,10810/26999/149461/5063/644672/51807/2147/100132463,8
Metabolism,Global and overview maps,hsa01212,Fatty acid metabolism,2/461,57/9423,0.03508771929824561,0.717205160406439,-0.48568129093285817,0.7755350735981675,0.9999628741350296,0.8921974516091994,33/38,2
Organismal Systems,Sensory system,hsa04740,Olfactory transduction,19/461,449/9423,0.042316258351893093,0.8649590074834894,-0.6649902870940031,0.7779054217768872,0.9999628741350296,0.8921974516091994,5153/119774/390063/392138/8392/219986/26529/390264/8590/5567/283694/6543/26333/390197/26219/387748/143502/816/26338,19
Metabolism,Carbohydrate metabolism,hsa00020,Citrate cycle (TCA cycle),1/461,30/9423,0.03333333333333333,0.6813449023861172,-0.39645954612981826,0.77846673322846,0.9999628741350296,0.8921974516091994,3418,1
Metabolism,Glycan biosynthesis and metabolism,hsa00563,Glycosylphosphatidylinositol (GPI)-anchor biosynthesis,1/461,30/9423,0.03333333333333333,0.6813449023861172,-0.39645954612981826,0.77846673322846,0.9999628741350296,0.8921974516091994,80235,1
Genetic Information Processing,Translation,hsa03013,Nucleocytoplasmic transport,4/461,108/9423,0.037037037037037035,0.7570498915401301,-0.5759132736502173,0.7812998898436229,0.9999628741350296,0.8921974516091994,51068/51194/1917/64901,4
Cellular Processes,Cell growth and death,hsa04218,Cellular senescence,6/461,157/9423,0.03821656050955414,0.7811597606974591,-0.6271196400083044,0.7869430985087199,0.9999628741350296,0.8921974516091994,4616/4773/1021/5533/22808/7043,6
Human Diseases,Cancer: overview,hsa05208,Chemical carcinogenesis - reactive oxygen species,9/461,227/9423,0.039647577092511016,0.8104102363182891,-0.6557644593488157,0.7871971724708526,0.9999628741350296,0.8921974516091994,2940/2946/1956/2941/5587/115019/2953/653689/2947,9
Cellular Processes,Transport and catabolism,hsa04142,Lysosome biogenesis,10/461,250/9423,0.04,0.8176138828633406,-0.6628658237048923,0.7874002685476701,0.9999628741350296,0.8921974516091994,151556/23062/3920/8722/3425/2030/20/4286/155066/768239,10
Metabolism,Nucleotide metabolism,hsa00240,Pyrimidine metabolism,2/461,59/9423,0.03389830508474576,0.6928931210706276,-0.5366663814971072,0.7917362937712693,0.9999628741350296,0.8921974516091994,4832/56953,2
Organismal Systems,Endocrine system,hsa04914,Progesterone-mediated oocyte maturation,4/461,110/9423,0.03636363636363636,0.7432853480575823,-0.6142168701002934,0.7932642867962231,0.9999628741350296,0.8921974516091994,3480/2770/107/5567,4
Environmental Information Processing,Signal transduction,hsa04370,VEGF signaling pathway,2/461,60/9423,0.03333333333333333,0.6813449023861172,-0.5615759839987349,0.7994439025922327,0.9999628741350296,0.8921974516091994,4773/5533,2
Metabolism,Carbohydrate metabolism,hsa00052,Galactose metabolism,1/461,32/9423,0.03125,0.6387608459869848,-0.464230241338143,0.7996795213422696,0.9999628741350296,0.8921974516091994,2592,1
Cellular Processes,Cell growth and death,hsa04215,Apoptosis - multiple species,1/461,32/9423,0.03125,0.6387608459869848,-0.464230241338143,0.7996795213422696,0.9999628741350296,0.8921974516091994,10018,1
Cellular Processes,Cell growth and death,hsa04210,Apoptosis,5/461,138/9423,0.036231884057971016,0.7405922852023012,-0.6962272540726193,0.8120708698521005,0.9999628741350296,0.8921974516091994,4616/8722/5783/51807/10018,5
Cellular Processes,Transport and catabolism,hsa04145,Phagocytosis,10/461,260/9423,0.038461538461538464,0.7861671950609045,-0.7929790366668051,0.8252566792255931,0.9999628741350296,0.8921974516091994,23673/23710/3920/213/6441/51807/81035/338382/155066/5657,10
Organismal Systems,Immune system,hsa04662,B cell receptor signaling pathway,3/461,91/9423,0.03296703296703297,0.6738575957664895,-0.7090227042454693,0.8293427863322329,0.9999628741350296,0.8921974516091994,4773/5533/10451,3
Organismal Systems,Endocrine system,hsa04929,GnRH secretion,2/461,65/9423,0.03076923076923077,0.6289337560487236,-0.6808260255915032,0.8343035718404352,0.9999628741350296,0.8921974516091994,2797/3767,2
Cellular Processes,Cell motility,hsa04814,Motor proteins,7/461,195/9423,0.035897435897435895,0.7337560487235107,-0.8520455362002388,0.8474621599011567,0.9999628741350296,0.8921974516091994,57576/51807/7169/127602/547/3800/26153,7
Human Diseases,Cancer: specific types,hsa05221,Acute myeloid leukemia,2/461,68/9423,0.029411764705882353,0.6011866785759856,-0.7485516289173293,0.8525013465849898,0.9999628741350296,0.8921974516091994,3815/7704,2
Human Diseases,Cancer: specific types,hsa05211,Renal cell carcinoma,2/461,70/9423,0.02857142857142857,0.5840099163309574,-0.7922752219454393,0.8636024259852364,0.9999628741350296,0.8921974516091994,5063/7043,2
Environmental Information Processing,Signal transduction,hsa04070,Phosphatidylinositol signaling system,3/461,98/9423,0.030612244897959183,0.6257249103545974,-0.8446933663050588,0.8648803329457819,0.9999628741350296,0.8921974516091994,8527/117283/5288,3
Environmental Information Processing,Signal transduction,hsa04071,Sphingolipid signaling pathway,4/461,125/9423,0.032,0.6540911062906725,-0.8829609703051291,0.8670171406491487,0.9999628741350296,0.8921974516091994,5523/79603/2770/1903,4
Human Diseases,Cancer: specific types,hsa05219,Bladder cancer,1/461,41/9423,0.024390243902439025,0.4985450505264272,-0.7297862544702165,0.8726802094979054,0.9999628741350296,0.8921974516091994,1956,1
Human Diseases,Infectious disease: viral,hsa05163,Human cytomegalovirus infection,8/461,227/9423,0.03524229074889868,0.720364654505146,-0.9672195248953829,0.8728720232624745,0.9999628741350296,0.8921974516091994,5733/1956/4773/1021/5533/2770/107/5567,8
Metabolism,Amino acid metabolism,hsa00380,Tryptophan metabolism,1/461,42/9423,0.023809523809523808,0.4866749302757979,-0.7561572053932439,0.8789362767992766,0.9999628741350296,0.8921974516091994,38,1
Cellular Processes,Cell growth and death,hsa04216,Ferroptosis,1/461,42/9423,0.023809523809523808,0.4866749302757979,-0.7561572053932439,0.8789362767992766,0.9999628741350296,0.8921974516091994,7018,1
Human Diseases,Infectious disease: viral,hsa05160,Hepatitis C,5/461,156/9423,0.03205128205128205,0.6551393292174202,-0.9850446784180229,0.8854583252355668,0.9999628741350296,0.8921974516091994,1956/1021/149461/644672/100132463,5
Human Diseases,Endocrine and metabolic disease,hsa04940,Type I diabetes mellitus,1/461,44/9423,0.022727272727272728,0.46455334253598896,-0.8073908530885523,0.890543118646942,0.9999628741350296,0.8921974516091994,5798,1
Organismal Systems,Immune system,hsa04625,C-type lectin receptor signaling pathway,3/461,105/9423,0.02857142857142857,0.5840099163309574,-0.9721556787792347,0.8937471381863684,0.9999628741350296,0.8921974516091994,4773/5533/22808,3
Metabolism,Glycan biosynthesis and metabolism,hsa00513,Various types of N-glycan biosynthesis,1/461,45/9423,0.022222222222222223,0.4542299349240781,-0.8323009626182553,0.8959231828652765,0.9999628741350296,0.8921974516091994,4122,1
Human Diseases,Neurodegenerative disease,hsa05016,Huntington disease,11/461,309/9423,0.03559870550161812,0.727649895752164,-1.104006972617049,0.8969222095375899,0.9999628741350296,0.8921974516091994,2893/6506/2892/8408/9706/51807/10891/127602/3766/3800/2878,11
Human Diseases,Infectious disease: bacterial,hsa05133,Pertussis,2/461,78/9423,0.02564102564102564,0.5241114633739362,-0.9571553580745679,0.900755634005793,0.9999628741350296,0.8921974516091994,727/2770,2
Human Diseases,Infectious disease: parasitic,hsa05140,Leishmaniasis,2/461,78/9423,0.02564102564102564,0.5241114633739362,-0.9571553580745679,0.900755634005793,0.9999628741350296,0.8921974516091994,1917/7043,2
Human Diseases,Neurodegenerative disease,hsa05022,Pathways of neurodegeneration - multiple diseases,18/461,481/9423,0.037422037422037424,0.7649194330322313,-1.2003046201186645,0.9089380002128065,0.9999628741350296,0.8921974516091994,2893/8322/1131/2892/6262/10297/8408/5533/9706/7475/51807/4747/127602/8325/3800/2878/816/22943,18
Organismal Systems,Digestive system,hsa04973,Carbohydrate digestion and absorption,1/461,48/9423,0.020833333333333332,0.4258405639913232,-0.9044551374480835,0.9105310309319027,0.9999628741350296,0.8921974516091994,482,1
Human Diseases,Substance dependence,hsa05034,Alcoholism,6/461,191/9423,0.031413612565445025,0.6421051436099533,-1.1332971207353983,0.9114754593742378,0.9999628741350296,0.8921974516091994,10014/2030/2770/5567/6571/4852,6
Genetic Information Processing,Chromosome,hsa03083,Polycomb repressive complex,2/461,83/9423,0.024096385542168676,0.4925384836526148,-1.053145226918178,0.9189421683308261,0.9999628741350296,0.8921974516091994,80816/23492,2
Human Diseases,Infectious disease: parasitic,hsa05144,Malaria,1/461,50/9423,0.02,0.4088069414316703,-0.9505928923175161,0.9191141145977848,0.9999628741350296,0.8921974516091994,7043,1
Human Diseases,Endocrine and metabolic disease,hsa04936,Alcoholic liver disease,4/461,144/9423,0.027777777777777776,0.5677874186550976,-1.1853527353325286,0.9271196526680068,0.9999628741350296,0.8921974516091994,727/5563/10891/131,4
Human Diseases,Infectious disease: viral,hsa05166,Human T-cell leukemia virus 1 infection,7/461,224/9423,0.03125,0.6387608459869848,-1.240989363337974,0.9271840802417405,0.9999628741350296,0.8921974516091994,4773/23373/5533/916/107/5567/7043,7
Genetic Information Processing,Chromosome,hsa03082,ATP-dependent chromatin remodeling,3/461,117/9423,0.02564102564102564,0.5241114633739362,-1.1747249507521897,0.9306088724646874,0.9999628741350296,0.8921974516091994,6604/1107/6594,3
Metabolism,Glycan biosynthesis and metabolism,hsa00510,N-Glycan biosynthesis,1/461,57/9423,0.017543859649122806,0.3586025802032195,-1.1015573243685093,0.9431803815895539,0.9999628741350296,0.8921974516091994,4122,1
Human Diseases,Immune disease,hsa05323,Rheumatoid arthritis,2/461,95/9423,0.021052631578947368,0.43032309624386345,-1.2656560199206308,0.9506238381315064,0.9999628741350296,0.8921974516091994,7043/155066,2
Environmental Information Processing,Signal transduction,hsa04330,Notch signaling pathway,1/461,63/9423,0.015873015873015872,0.3244499535171986,-1.2201393159733769,0.9580298121250128,0.9999628741350296,0.8921974516091994,11317,1
Organismal Systems,Immune system,hsa04650,Natural killer cell mediated cytotoxicity,3/461,133/9423,0.022556390977443608,0.4610604602612823,-1.419637796410532,0.9616010420724133,0.9999628741350296,0.8921974516091994,4773/5533/10451,3
Organismal Systems,Immune system,hsa04062,Chemokine signaling pathway,5/461,193/9423,0.025906735751295335,0.5295426702482775,-1.4976750197576703,0.9631106570205421,0.9999628741350296,0.8921974516091994,6360/2770/107/5567/10451,5
Human Diseases,Infectious disease: bacterial,hsa05132,Salmonella infection,7/461,249/9423,0.028112449799196786,0.5746282309280506,-1.5427960274269727,0.9639041386146503,0.9999628741350296,0.8921974516091994,10810/26999/5063/51807/338382/5288/3800,7
Metabolism,Lipid metabolism,hsa00140,Steroid hormone biosynthesis,1/461,66/9423,0.015151515151515152,0.30970222835732597,-1.2763202722034508,0.963931359335674,0.9999628741350296,0.8921974516091994,9420,1
Organismal Systems,Immune system,hsa04613,Neutrophil extracellular trap formation,5/461,195/9423,0.02564102564102564,0.5241114633739362,-1.5229593063694418,0.9654316807757553,0.9999628741350296,0.8921974516091994,2243/2244/2266/727/10014,5
Environmental Information Processing,Signal transduction,hsa04064,NF-kappa B signaling pathway,2/461,105/9423,0.01904761904761905,0.3893399442206384,-1.42709325134264,0.9676295641966923,0.9999628741350296,0.8921974516091994,1896/4616,2
Metabolism,Energy metabolism,hsa00190,Oxidative phosphorylation,3/461,138/9423,0.021739130434782608,0.4443553711213807,-1.4913008061693644,0.9682373655941738,0.9999628741350296,0.8921974516091994,496/495/155066,3
Organismal Systems,Immune system,hsa04664,Fc epsilon RI signaling pathway,1/461,69/9423,0.014492753623188406,0.2962369140809205,-1.3306746662397975,0.9690046180469329,0.9999628741350296,0.8921974516091994,10451,1
Organismal Systems,Endocrine system,hsa04917,Prolactin signaling pathway,1/461,71/9423,0.014084507042253521,0.2878922122758242,-1.3659732778541143,0.971984625076155,0.9999628741350296,0.8921974516091994,2592,1
Genetic Information Processing,"Folding, sorting and degradation",hsa04120,Ubiquitin mediated proteolysis,3/461,142/9423,0.02112676056338028,0.4318383184137362,-1.5471708311532555,0.9727514475279085,0.9999628741350296,0.8921974516091994,9886/134111/23327,3
Organismal Systems,Development and regeneration,hsa04380,Osteoclast differentiation,3/461,142/9423,0.02112676056338028,0.4318383184137362,-1.5471708311532555,0.9727514475279085,0.9999628741350296,0.8921974516091994,4773/5533/4286,3
NA,NA,hsa04156,Integrated stress response (ISR) signaling pathway,1/461,72/9423,0.013888888888888888,0.2838937093275488,-1.383356934296549,0.973365622492739,0.9999628741350296,0.8921974516091994,23710,1
Organismal Systems,Immune system,hsa04622,RIG-I-like receptor signaling pathway,1/461,72/9423,0.013888888888888888,0.2838937093275488,-1.383356934296549,0.973365622492739,0.9999628741350296,0.8921974516091994,9755,1
Human Diseases,Infectious disease: viral,hsa05169,Epstein-Barr virus infection,5/461,205/9423,0.024390243902439025,0.4985450505264272,-1.6463040392661927,0.9751469244970662,0.9999628741350296,0.8921974516091994,4616/1021/11317/916/10018,5
Human Diseases,Cancer: overview,hsa05203,Viral carcinogenesis,5/461,205/9423,0.024390243902439025,0.4985450505264272,-1.6463040392661927,0.9751469244970662,0.9999628741350296,0.8921974516091994,1021/3249/10014/11317/5567,5
Human Diseases,Cardiovascular disease,hsa05415,Diabetic cardiomyopathy,5/461,205/9423,0.024390243902439025,0.4985450505264272,-1.6463040392661927,0.9751469244970662,0.9999628741350296,0.8921974516091994,6262/6517/9882/7043/816,5
Human Diseases,Neurodegenerative disease,hsa05014,Amyotrophic lateral sclerosis,11/461,369/9423,0.02981029810298103,0.6093328395322998,-1.736278497084432,0.9754160094053841,0.9999628741350296,0.8921974516091994,6506/2066/8408/5533/9706/51807/4747/127602/3800/145957/2878,11
Human Diseases,Infectious disease: viral,hsa05171,Coronavirus disease,6/461,239/9423,0.02510460251046025,0.5131467884079542,-1.7290223017156159,0.9790292018536886,0.9999628741350296,0.8921974516091994,2243/2244/2266/1956/727/2147,6
Human Diseases,Infectious disease: bacterial,hsa05152,Tuberculosis,4/461,181/9423,0.022099447513812154,0.4517203772725638,-1.6891878674899714,0.9796867235428453,0.9999628741350296,0.8921974516091994,3920/5533/7043/816,4
Human Diseases,Infectious disease: bacterial,hsa05100,Bacterial invasion of epithelial cells,1/461,78/9423,0.01282051282051282,0.2620557316869681,-1.484228461109669,0.9803361462913156,0.9999628741350296,0.8921974516091994,79658,1
Genetic Information Processing,Translation,hsa03008,Ribosome biogenesis in eukaryotes,4/461,183/9423,0.02185792349726776,0.4467835425482735,-1.7139738570710488,0.9811048049853501,0.9999628741350296,0.8921974516091994,25996/51068/10556/6949,4
Human Diseases,Infectious disease: viral,hsa05170,Human immunodeficiency virus 1 infection,5/461,214/9423,0.02336448598130841,0.47757820260709144,-1.7532404505367483,0.9816574659564232,0.9999628741350296,0.8921974516091994,4773/5063/5533/916/2770,5
Human Diseases,Cardiovascular disease,hsa05417,Lipid and atherosclerosis,5/461,216/9423,0.023148148148148147,0.4731561822125813,-1.7765164573509555,0.9828689842696867,0.9999628741350296,0.8921974516091994,4773/1558/5533/10451/816,5
Organismal Systems,Nervous system,hsa04722,Neurotrophin signaling pathway,2/461,120/9423,0.016666666666666666,0.3406724511930586,-1.6485414745240177,0.9830371333594259,0.9999628741350296,0.8921974516091994,398/816,2
Organismal Systems,Immune system,hsa04623,Cytosolic DNA-sensing pathway,1/461,83/9423,0.012048192771084338,0.2462692418263074,-1.5642328034361772,0.9847316983386236,0.9999628741350296,0.8921974516091994,90865,1
Human Diseases,Endocrine and metabolic disease,hsa04932,Non-alcoholic fatty liver disease,3/461,157/9423,0.01910828025477707,0.39057988034872954,-1.746385067332931,0.9848304758343082,0.9999628741350296,0.8921974516091994,3953/5563/10018,3
Cellular Processes,Cell growth and death,hsa04110,Cell cycle,3/461,158/9423,0.0189873417721519,0.3881078557895604,-1.7591393849924106,0.9854196893177978,0.9999628741350296,0.8921974516091994,4616/1021/7043,3
Human Diseases,Neurodegenerative disease,hsa05010,Alzheimer disease,11/461,389/9423,0.028277634961439587,0.5780046729753693,-1.927799850365531,0.9855721143072429,0.9999628741350296,0.8921974516091994,8322/1131/10297/8408/5533/9706/7475/51807/8325/3800/22943,11
Human Diseases,Infectious disease: viral,hsa05161,Hepatitis B,3/461,163/9423,0.018404907975460124,0.3762027068389604,-1.8220124390353951,0.9880516045892043,0.9999628741350296,0.8921974516091994,4773/6554/7043,3
Cellular Processes,Cell growth and death,hsa04217,Necroptosis,3/461,168/9423,0.017857142857142856,0.36500619770684845,-1.8834559119205678,0.9902240563971816,0.9999628741350296,0.8921974516091994,2752/90865/816,3
Organismal Systems,Environmental adaptation,hsa04714,Thermogenesis,5/461,234/9423,0.021367521367521368,0.43675955281161355,-1.9787329258244586,0.9908548596203679,0.9999628741350296,0.8921974516091994,6604/5563/10891/107/5567,5
Human Diseases,Cancer: overview,hsa05206,MicroRNAs in cancer,8/461,323/9423,0.02476780185758514,0.5062624661692512,-2.0478410826226896,0.9910525320122979,0.9999628741350296,0.8921974516091994,1956/1021/10014/10297/27250/10018/27165/7078,8
Organismal Systems,Immune system,hsa04657,IL-17 signaling pathway,1/461,94/9423,0.010638297872340425,0.21745050076152675,-1.7293294640718067,0.9912532477437446,0.9999628741350296,0.8921974516091994,4586,1
Human Diseases,Infectious disease: viral,hsa05162,Measles,2/461,136/9423,0.014705882352941176,0.3005933392879928,-1.8632925100180349,0.9916055115963154,0.9999628741350296,0.8921974516091994,1021/916,2
Human Diseases,Infectious disease: viral,hsa05164,Influenza A,3/461,173/9423,0.017341040462427744,0.35445688563439615,-1.9435556537271015,0.9920136882888195,0.9999628741350296,0.8921974516091994,1021/90865/5644,3
Human Diseases,Neurodegenerative disease,hsa05012,Parkinson disease,6/461,269/9423,0.022304832713754646,0.45591852204275496,-2.0533083363848124,0.9922210175697754,0.9999628741350296,0.8921974516091994,2770/51807/5567/6571/3800/816,6
Human Diseases,Infectious disease: bacterial,hsa05135,Yersinia infection,2/461,138/9423,0.014492753623188406,0.2962369140809205,-1.888837582217737,0.9923189982717785,0.9999628741350296,0.8921974516091994,4773/10451,2
Environmental Information Processing,Signaling molecules and interaction,hsa04061,Viral protein interaction with cytokine and cytokine receptor,1/461,100/9423,0.01,0.20440347071583514,-1.8139887137049024,0.9935471130223876,0.9999628741350296,0.8921974516091994,6360,1
Human Diseases,Neurodegenerative disease,hsa05020,Prion disease,6/461,276/9423,0.021739130434782608,0.4443553711213807,-2.1248675535935893,0.9938798550073822,0.9999628741350296,0.8921974516091994,727/6262/5533/51807/5567/3800,6
Genetic Information Processing,Translation,hsa03015,mRNA surveillance pathway,1/461,103/9423,0.009708737864077669,0.19844997156877198,-1.855072267189383,0.9944578921639871,0.9999628741350296,0.8921974516091994,5523,1
Human Diseases,Infectious disease: viral,hsa05167,Kaposi sarcoma-associated herpesvirus infection,3/461,196/9423,0.015306122448979591,0.3128624551772987,-2.2047583549166587,0.996904857461469,0.9999628741350296,0.8921974516091994,4773/1021/5533,3
Environmental Information Processing,Signal transduction,hsa04668,TNF signaling pathway,1/461,119/9423,0.008403361344537815,0.17176762245028163,-2.0621031078568444,0.9975402878415301,0.9999628741350296,0.8921974516091994,1906,1
Organismal Systems,Immune system,hsa04621,NOD-like receptor signaling pathway,2/461,187/9423,0.0106951871657754,0.2186133376639948,-2.4477348875250886,0.9991703453348526,0.9999628741350296,0.8921974516091994,23710/9051,2
Human Diseases,Immune disease,hsa05322,Systemic lupus erythematosus,1/461,143/9423,0.006993006993006993,0.14293949001107353,-2.3422058343037526,0.9992746799844834,0.9999628741350296,0.8921974516091994,727,1
Genetic Information Processing,"Folding, sorting and degradation",hsa04141,Protein processing in endoplasmic reticulum,1/461,175/9423,0.005714285714285714,0.11680198326619151,-2.674685613969842,0.9998583563290391,0.9999628741350296,0.8921974516091994,79748,1
Human Diseases,Infectious disease: viral,hsa05168,Herpes simplex virus 1 infection,1/461,180/9423,0.005555555555555556,0.11355748373101952,-2.7233276579934036,0.9998903176985314,0.9999628741350296,0.8921974516091994,727,1
Human Diseases,Infectious disease: bacterial,hsa05131,Shigellosis,2/461,253/9423,0.007905138339920948,0.16158377131686572,-3.065877595067928,0.9999628741350296,0.9999628741350296,0.8921974516091994,1956/664,2
