GSE,Signature,Group_1,Group_2,N_Group1,N_Group2,Median_Group1,IQR_Group1,Median_Group2,IQR_Group2,Effect_size_RBC,CI95_low,CI95_high,Raw_P,BH_FDR,FDR_significant,Direction
GSE130823,gastritis_subtypeA,Gastritis,LGN,47,17,0.52662163,0.433925515,-0.027975789,0.080865572,0.7847309136420526,0.6070087609511889,0.932415519399249,1.9572795584664785e-06,1.174367735079887e-05,True,Gastritis higher
GSE130823,gastritis_subtypeA,Gastritis,HGN,47,14,0.52662163,0.433925515,-0.010592135499999999,0.3188756035,0.641337386018237,0.39209726443769,0.8328267477203647,0.00030593481750335874,0.0009178044525100762,True,Gastritis higher
GSE130823,gastritis_subtypeA,GC,Gastritis,16,47,0.14194895600000002,0.26523446975,0.52662163,0.433925515,-0.5212765957446808,-0.7526595744680851,-0.2553191489361702,0.002021786623441771,0.004043573246883542,True,Gastritis higher
GSE130823,gastritis_subtypeA,GC,LGN,16,17,0.14194895600000002,0.26523446975,-0.027975789,0.080865572,0.5735294117647058,0.19117647058823528,0.875,0.005243228880139123,0.007864843320208684,True,GC higher
GSE130823,gastritis_subtypeA,GC,HGN,16,14,0.14194895600000002,0.26523446975,-0.010592135499999999,0.3188756035,0.2767857142857142,-0.17857142857142858,0.6877232142857151,0.20483303385933527,0.24579964063120233,False,GC higher
GSE130823,gastritis_subtypeA,HGN,LGN,14,17,-0.010592135499999999,0.3188756035,-0.027975789,0.080865572,0.11764705882352944,-0.31953781512605034,0.5630252100840336,0.5920471376173804,0.5920471376173804,False,HGN higher
GSE130823,gastritis_subtypeB,Gastritis,LGN,47,17,0.42180736,0.4068530225,0.730522983,0.07023036699999996,-0.734668335419274,-0.8973717146433041,-0.5344180225281602,8.4373913603804e-06,5.06243481622824e-05,True,LGN higher
GSE130823,gastritis_subtypeB,Gastritis,HGN,47,14,0.42180736,0.4068530225,0.698675811,0.2000680482499999,-0.5866261398176291,-0.8054711246200608,-0.3373100303951365,0.0009616604165690079,0.0028849812497070237,True,HGN higher
GSE130823,gastritis_subtypeB,GC,Gastritis,16,47,0.6466343625,0.1395832885,0.42180736,0.4068530225,0.5106382978723405,0.2526595744680851,0.7420212765957447,0.002495787134916648,0.004991574269833296,True,GC higher
GSE130823,gastritis_subtypeB,GC,LGN,16,17,0.6466343625,0.1395832885,0.730522983,0.07023036699999996,-0.44852941176470584,-0.7647058823529411,-0.08088235294117647,0.02930750117068202,0.04396125175602303,True,LGN higher
GSE130823,gastritis_subtypeB,HGN,LGN,14,17,0.698675811,0.2000680482499999,0.730522983,0.07023036699999996,-0.32773109243697474,-0.6974789915966386,0.08403361344537816,0.12645617291148628,0.15174740749378354,False,LGN higher
GSE130823,gastritis_subtypeB,GC,HGN,16,14,0.6466343625,0.1395832885,0.698675811,0.2000680482499999,-0.1160714285714286,-0.5446428571428571,0.32142857142857145,0.6033201802180682,0.6033201802180682,False,HGN higher
GSE55696,gastritis_subtypeA,Gastritis,LGN,19,19,0.342886923,0.16107930400000003,0.134064699,0.23020017750000002,0.6011080332409973,0.26301939058171747,0.8670360110803325,0.0016158370842358247,0.009695022505414947,True,Gastritis higher
GSE55696,gastritis_subtypeA,Gastritis,HGN,19,20,0.342886923,0.16107930400000003,0.0929314485,0.2755254905,0.5157894736842106,0.15250000000000005,0.8263157894736842,0.006153018801181023,0.01845905640354307,True,Gastritis higher
GSE55696,gastritis_subtypeA,EGC,Gastritis,19,19,0.260353788,0.400024628,0.342886923,0.16107930400000003,-0.23545706371191133,-0.590027700831025,0.13033240997229967,0.22013117868669163,0.43853483988527975,False,Gastritis higher
GSE55696,gastritis_subtypeA,EGC,HGN,19,20,0.260353788,0.400024628,0.0929314485,0.2755254905,0.17368421052631589,-0.2,0.5368421052631579,0.3611525260691233,0.43853483988527975,False,EGC higher
GSE55696,gastritis_subtypeA,EGC,LGN,19,19,0.260353788,0.400024628,0.134064699,0.23020017750000002,0.17451523545706382,-0.20789473684210522,0.5512465373961218,0.3654456999043998,0.43853483988527975,False,EGC higher
GSE55696,gastritis_subtypeA,HGN,LGN,20,19,0.0929314485,0.2755254905,0.134064699,0.23020017750000002,-0.1105263157894737,-0.47381578947368413,0.25263157894736843,0.5646149963078395,0.5646149963078395,False,LGN higher
GSE55696,gastritis_subtypeB,Gastritis,HGN,19,20,0.452078475,0.14147250599999994,0.625003397,0.08504224824999984,-0.5526315789473684,-0.8421052631578947,-0.22631578947368422,0.0033226375565646653,0.009967912669693995,True,HGN higher
GSE55696,gastritis_subtypeB,Gastritis,LGN,19,19,0.452078475,0.14147250599999994,0.610122205,0.2006038065000001,-0.5955678670360111,-0.8559556786703602,-0.296398891966759,0.0017850874127460351,0.009967912669693995,True,LGN higher
GSE55696,gastritis_subtypeB,EGC,Gastritis,19,19,0.58131971,0.20723603550000003,0.452078475,0.14147250599999994,0.32963988919667586,-0.05263157894736842,0.6842105263157895,0.08498077772008465,0.1699615554401693,False,EGC higher
GSE55696,gastritis_subtypeB,EGC,LGN,19,19,0.58131971,0.20723603550000003,0.610122205,0.2006038065000001,-0.1578947368421053,-0.5069252077562327,0.2299168975069252,0.4136696433905982,0.6205044650858973,False,LGN higher
GSE55696,gastritis_subtypeB,EGC,HGN,19,20,0.58131971,0.20723603550000003,0.625003397,0.08504224824999984,-0.09473684210526312,-0.4789473684210526,0.2738157894736847,0.6229260993842226,0.6631905386384751,False,HGN higher
GSE55696,gastritis_subtypeB,HGN,LGN,20,19,0.625003397,0.08504224824999984,0.610122205,0.2006038065000001,-0.08421052631578951,-0.4473684210526316,0.29486842105263206,0.6631905386384751,0.6631905386384751,False,LGN higher
GSE60427,gastritis_subtypeA,IM,mild,8,8,0.0565062625,0.08880370925,0.376839113,0.29848543475,-0.78125,-1.0,-0.40625,0.010081693883859663,0.020163387767719327,True,mild higher
GSE60427,gastritis_subtypeA,IM,normal,8,8,0.0565062625,0.08880370925,0.309910181,0.09776549974999998,-0.875,-1.0,-0.5625,0.00387604144899475,0.020163387767719327,True,normal higher
GSE60427,gastritis_subtypeA,IM,severe,8,8,0.0565062625,0.08880370925,0.3305757945,0.272147434,-0.78125,-1.0,-0.375,0.010081693883859663,0.020163387767719327,True,severe higher
GSE60427,gastritis_subtypeA,mild,severe,8,8,0.376839113,0.29848543475,0.3305757945,0.272147434,0.15625,-0.4375,0.71875,0.6365024869138661,0.9547537303707991,False,mild higher
GSE60427,gastritis_subtypeA,mild,normal,8,8,0.376839113,0.29848543475,0.309910181,0.09776549974999998,0.03125,-0.5632812499999997,0.65625,0.9581219265777428,1.0,False,mild higher
GSE60427,gastritis_subtypeA,normal,severe,8,8,0.309910181,0.09776549974999998,0.3305757945,0.272147434,0.0,-0.65625,0.5632812500000028,1.0,1.0,False,severe higher
GSE60427,gastritis_subtypeB,IM,normal,8,8,0.746943828,0.06279101124999986,0.438463382,0.18802431125000002,0.96875,0.8429687500000003,1.0,0.0013593755271592322,0.008156253162955393,True,IM higher
GSE60427,gastritis_subtypeB,IM,mild,8,8,0.746943828,0.06279101124999986,0.4771125315,0.18678573249999997,0.90625,0.625,1.0,0.002761604417827473,0.00828481325348242,True,IM higher
GSE60427,gastritis_subtypeB,IM,severe,8,8,0.746943828,0.06279101124999986,0.5501235705,0.23483598299999991,0.84375,0.5,1.0,0.005384940000147031,0.01076988000029406,True,IM higher
GSE60427,gastritis_subtypeB,normal,severe,8,8,0.438463382,0.18802431125000002,0.5501235705,0.23483598299999991,-0.28125,-0.8125,0.3125,0.3720293385704434,0.5580440078556651,False,severe higher
GSE60427,gastritis_subtypeB,mild,normal,8,8,0.4771125315,0.18678573249999997,0.438463382,0.18802431125000002,0.1875,-0.40625,0.71875,0.563523716477718,0.6762284597732616,False,mild higher
GSE60427,gastritis_subtypeB,mild,severe,8,8,0.4771125315,0.18678573249999997,0.5501235705,0.23483598299999991,-0.03125,-0.625,0.5625,0.9581219265777428,0.9581219265777428,False,severe higher
GSE60662,gastritis_subtypeA,IM,mild,4,4,0.0280301515,0.051190652999999996,0.5397945915,0.052340355499999935,-1.0,-1.0,-1.0,0.03038282197657749,0.036459386371892985,True,mild higher
GSE60662,gastritis_subtypeA,IM,normal,4,4,0.0280301515,0.051190652999999996,0.2942934675,0.07000032125,-1.0,-1.0,-1.0,0.03038282197657749,0.036459386371892985,True,normal higher
GSE60662,gastritis_subtypeA,IM,severe,4,4,0.0280301515,0.051190652999999996,0.2584433075,0.0802516895,-1.0,-1.0,-1.0,0.03038282197657749,0.036459386371892985,True,severe higher
GSE60662,gastritis_subtypeA,mild,normal,4,4,0.5397945915,0.052340355499999935,0.2942934675,0.07000032125,1.0,1.0,1.0,0.03038282197657749,0.036459386371892985,True,mild higher
GSE60662,gastritis_subtypeA,mild,severe,4,4,0.5397945915,0.052340355499999935,0.2584433075,0.0802516895,1.0,1.0,1.0,0.03038282197657749,0.036459386371892985,True,mild higher
GSE60662,gastritis_subtypeA,normal,severe,4,4,0.2942934675,0.07000032125,0.2584433075,0.0802516895,0.375,-0.5,1.0,0.47048642205878966,0.47048642205878966,False,normal higher
GSE60662,gastritis_subtypeB,IM,mild,4,4,0.756257984,0.07077316125,0.4291447315,0.03472445475000002,1.0,1.0,1.0,0.03038282197657749,0.045574232964866235,True,IM higher
GSE60662,gastritis_subtypeB,IM,normal,4,4,0.756257984,0.07077316125,0.4346682895,0.060609069000000015,1.0,1.0,1.0,0.03038282197657749,0.045574232964866235,True,IM higher
GSE60662,gastritis_subtypeB,mild,severe,4,4,0.4291447315,0.03472445475000002,0.5756759745,0.025101714750000115,-1.0,-1.0,-1.0,0.03038282197657749,0.045574232964866235,True,severe higher
GSE60662,gastritis_subtypeB,normal,severe,4,4,0.4346682895,0.060609069000000015,0.5756759745,0.025101714750000115,-1.0,-1.0,-1.0,0.03038282197657749,0.045574232964866235,True,severe higher
GSE60662,gastritis_subtypeB,IM,severe,4,4,0.756257984,0.07077316125,0.5756759745,0.025101714750000115,0.5,-0.5,1.0,0.312321421676216,0.3747857060114592,False,IM higher
GSE60662,gastritis_subtypeB,mild,normal,4,4,0.4291447315,0.03472445475000002,0.4346682895,0.060609069000000015,0.125,-0.75,1.0,0.8852339144732015,0.8852339144732015,False,mild higher
