Cell population,N_Subtype_A,N_Subtype_B,Median_Subtype_A,IQR_Subtype_A,Median_Subtype_B,IQR_Subtype_B,Effect_size_rank_biserial_r,CI95_low,CI95_high,Raw_P,BH_adjusted_P,Direction_Subtype_A_vs_B
Sebocytes,32,39,0.0300625568646516,0.030577673383379196,0.0763005269050843,0.03586836706768585,-0.8926282051282052,-0.9711538461538461,-0.7820112179487182,1.266760127373209e-10,3.2151842742333986e-09,Subtype B higher
Keratinocytes,32,39,0.0282886988554392,0.035196815325430855,0.0834008468192368,0.02823340444105335,-0.8814102564102564,-0.967948717948718,-0.764383012820513,2.1434561828222656e-10,3.2151842742333986e-09,Subtype B higher
Neutrophils,32,39,0.0318260861444531,0.03887241265646635,0.0823658868655895,0.05171837665400025,-0.7644230769230769,-0.8942307692307693,-0.6041266025641028,3.659235249235006e-08,3.6592352492350055e-07,Subtype B higher
Skeletal muscle,32,39,0.04904630908880455,0.03856178926586902,0.0194725262688188,0.021251509126196354,0.7291666666666667,0.5448317307692307,0.8782051282051282,1.5019727345596346e-07,9.594931643930937e-07,Subtype A higher
Mast cells,32,39,0.020552041746947552,0.010356851487078902,0.0099726694275923,0.011001717953148601,0.7275641025641026,0.5384615384615384,0.8846153846153846,1.5991552739884893e-07,9.594931643930937e-07,Subtype A higher
Myocytes,32,39,0.04746490817405695,0.03542344941107018,0.0240731501554876,0.01434465303266155,0.6842948717948718,0.4791666666666667,0.8525641025641025,8.274312222953681e-07,3.7595644852321503e-06,Subtype A higher
Erythrocytes,32,39,0.01945459144134285,0.02623501037683512,0.0494923022852268,0.033230109536115805,-0.6826923076923077,-0.8557892628205128,-0.48717948717948717,8.77231713220835e-07,3.7595644852321503e-06,Subtype B higher
Tgd cells,32,39,0.018911973826324452,0.027970066218001757,0.0407915929024734,0.017317686184224856,-0.6778846153846154,-0.8413461538461539,-0.46474358974358976,1.047182714942889e-06,3.926935181035834e-06,Subtype B higher
Th2 cells,32,39,0.056736063951232305,0.037395683845644345,0.0963292637284597,0.04712322933688655,-0.5480769230769231,-0.7516025641025641,-0.32684294871794917,7.931490978692141e-05,0.0002643830326230714,Subtype B higher
Neurons,32,39,0.04990018921678195,0.02549112220958656,0.0331343781989193,0.017444207555699552,0.5400641025641026,0.3124599358974359,0.7387820512820513,0.00010079111236563079,0.0003014655319989511,Subtype A higher
Pericytes,32,39,0.00630109636822525,0.0104290009977877,0.0172133216329227,0.012441940908344148,-0.5368589743589743,-0.7484375,-0.29803685897435916,0.00011053736173294873,0.0003014655319989511,Subtype B higher
Mesangial cells,32,39,0.025454578592112198,0.0203303626391214,0.0470697069129832,0.035476887645259546,-0.5288461538461539,-0.7324118589743589,-0.30761217948717995,0.0001401985932700194,0.0003504964831750485,Subtype B higher
CMP,32,39,0.017218070207677252,0.013916102363019926,0.0025631085640387,0.00884473531281535,0.4935897435897436,0.25879407051282055,0.7203525641025641,0.0003515939803520076,0.0008113707238892483,Subtype A higher
ly Endothelial cells,32,39,0.09641988738584059,0.043211730682871125,0.0733971564556378,0.03451901415762974,0.47275641025641035,0.23553685897435897,0.6923477564102561,0.000665730343758191,0.0013687304717160894,Subtype A higher
pDC,32,39,0.0387166037606812,0.04801488767186257,0.0620684202351588,0.023346220888771044,-0.4671474358974359,-0.6931290064102564,-0.21951121794871817,0.0007705794889015721,0.0013687304717160894,Subtype B higher
HSC,32,39,0.0056989911313949995,0.016018587872108376,4.60059892695299e-19,6.255285624205405e-18,0.46153846153846145,0.21306089743589743,0.7035456730769231,0.000779142101974668,0.0013687304717160894,Subtype A higher
Chondrocytes,32,39,0.015290978590194002,0.0203289180524185,0.0048891478681365,0.014990437927082701,0.4655448717948718,0.22029246794871796,0.6690705128205128,0.0007811807483487032,0.0013687304717160894,Subtype A higher
StromaScore,32,39,0.0607329604457717,0.023556336810670944,0.045668686743597,0.02295444070925285,0.46474358974358965,0.22271634615384617,0.6875,0.0008212382830296537,0.0013687304717160894,Subtype A higher
mv Endothelial cells,32,39,0.04199634047326905,0.018541828920634575,0.0318521708567072,0.0184878713474831,0.4375,0.18104967948717948,0.6747195512820511,0.0016378577828357783,0.0025180698451915087,Subtype A higher
NKT,32,39,0.01021794433506205,0.027402952367702786,3.8747001420077695e-18,0.0028143145780007493,0.4358974358974359,0.18269230769230768,0.6891225961538461,0.0016787132301276724,0.0025180698451915087,Subtype A higher
Endothelial cells,32,39,0.0873428068183702,0.04206968725579771,0.0611779809792161,0.044694769944751814,0.40865384615384626,0.16506410256410256,0.6474759615384613,0.0032697999569939705,0.004671142795705672,Subtype A higher
iDC,32,39,0.05737117722576255,0.039430745645982895,0.0874242561251616,0.03455231717652735,-0.3910256410256411,-0.6362580128205128,-0.12179487179487179,0.00489371635121826,0.00661441050261127,Subtype B higher
DC,32,39,0.06455768628118005,0.07870108701073485,0.101208340409886,0.03357042453624724,-0.38942307692307687,-0.6426682692307693,-0.12175480769230791,0.005071048052001974,0.00661441050261127,Subtype B higher
Epithelial cells,32,39,0.009905404455782,0.024500600313838498,0.0285060996782691,0.031289532012399354,-0.3798076923076923,-0.6314102564102564,-0.11850961538461582,0.006259733827024409,0.007824667283780512,Subtype B higher
CD8+ T-cells,32,39,0.0375764193099875,0.021409636534207778,0.0242355053489495,0.019073640412988306,0.3701923076923077,0.1249599358974359,0.6121794871794872,0.007727751804473558,0.00920293586018167,Subtype A higher
MEP,32,39,0.014137258217403751,0.019237846212083826,0.0007045037298374,0.0160119183512194,0.3669871794871795,0.10568910256410256,0.6073918269230768,0.00797587774549078,0.00920293586018167,Subtype A higher
CD4+ naive T-cells,32,39,0.00703644070688085,0.015100290986789573,2.16052484912529e-18,0.00474445342454965,0.33974358974358965,0.05929487179487179,0.5905649038461538,0.01406088981135636,0.015558938606145782,Subtype A higher
Preadipocytes,32,39,0.00191343954857595,0.00671363256406185,0.0083129803555927,0.015779626242946147,-0.33814102564102566,-0.5681089743589743,-0.07532051282051282,0.01452167603240273,0.015558938606145782,Subtype B higher
Macrophages M1,32,39,0.0266369304920981,0.0255261392589229,0.0394215355036303,0.015358896010730295,-0.33333333333333337,-0.5849358974358975,-0.08810096153846177,0.016488343363436804,0.017056906927693245,Subtype B higher
pro B-cells,32,39,0.0095440066214392,0.01350205498416875,0.0145027076378027,0.016862316414783,-0.3237179487179487,-0.5633213141025641,-0.044831730769230985,0.01986035109346772,0.01986035109346772,Subtype B higher
